timestamp,project_name,run_id,experiment_id,duration,emissions,emissions_rate,cpu_power,gpu_power,ram_power,cpu_energy,gpu_energy,ram_energy,energy_consumed,country_name,country_iso_code,region,cloud_provider,cloud_region,os,python_version,codecarbon_version,cpu_count,cpu_model,gpu_count,gpu_model,longitude,latitude,ram_total_size,tracking_mode,on_cloud,pue
2025-09-21T16:01:00,routerllm_router_inference,11c96727-d018-4958-9e55-d00b20f9c45c,5b0fa12a-3dd7-45bb-9766-cc326314d9f1,1.012394730001688,5.36818967975754e-06,5.3024670325462764e-06,45.000000405,25.304089817965625,20.0,6.332365480432222e-06,7.086116795562703e-06,2.8134424446357624e-06,1.6231924720630687e-05,Italy,ITA,friuli venezia giulia,,,Linux-5.14.0-427.13.1.el9_4.x86_64-x86_64-with-glibc2.34,3.13.6,3.0.5,2,AMD EPYC 7542 32-Core Processor,1,1 x NVIDIA A100 80GB PCIe,13.7747,45.6482,21.3,machine,N,1.0
2025-09-21T16:05:14,routerllm_router_inference,9941ed8c-cc7e-48b3-9e87-ba689eee5346,5b0fa12a-3dd7-45bb-9766-cc326314d9f1,1.011531084775925,4.984288262750735e-06,4.927469197701285e-06,45.000000405,21.15559208517337,20.0,6.332897451891631e-06,5.925004700202408e-06,2.813210586706797e-06,1.5071112738800836e-05,Italy,ITA,friuli venezia giulia,,,Linux-5.14.0-427.13.1.el9_4.x86_64-x86_64-with-glibc2.34,3.13.6,3.0.5,2,AMD EPYC 7542 32-Core Processor,1,1 x NVIDIA A100 80GB PCIe,13.7747,45.6482,21.3,machine,N,1.0
2025-09-21T16:05:43,routerllm_model_loading,55b1599b-0db7-4e4f-a167-4ce0222abe8c,5b0fa12a-3dd7-45bb-9766-cc326314d9f1,25.314707446843386,0.0002525990881567,9.978353045841298e-06,45.00065878772728,55.18509628797262,20.0,0.0003037971613732,0.000324978871049,0.0001350139280781,0.0007637899605004,Italy,ITA,friuli venezia giulia,,,Linux-5.14.0-427.13.1.el9_4.x86_64-x86_64-with-glibc2.34,3.13.6,3.0.5,2,AMD EPYC 7542 32-Core Processor,1,1 x NVIDIA A100 80GB PCIe,13.7747,45.6482,21.3,machine,N,1.0
2025-09-21T16:05:51,routerllm_llm_inference,645ac0cc-b86d-4418-beb5-711be3ad7fc9,5b0fa12a-3dd7-45bb-9766-cc326314d9f1,3.8943667113780975,4.229806102204298e-05,1.0861345157471055e-05,45.000164295,61.72347410857168,20.0,4.236298508206193e-05,6.670727555047051e-05,1.8827407538063e-05,0.0001278976681705,Italy,ITA,friuli venezia giulia,,,Linux-5.14.0-427.13.1.el9_4.x86_64-x86_64-with-glibc2.34,3.13.6,3.0.5,2,AMD EPYC 7542 32-Core Processor,1,1 x NVIDIA A100 80GB PCIe,13.7747,45.6482,21.3,machine,N,1.0
2025-09-21T16:08:33,routerllm_router_inference,3afe299e-e220-4bb6-8b68-73f9377ade35,5b0fa12a-3dd7-45bb-9766-cc326314d9f1,1.1563109569251535,8.163816279188038e-06,7.060225651495292e-06,45.000000405,40.61417447024265,20.0,8.107682390464488e-06,1.29761214680002e-05,3.601324496169885e-06,2.468512835463457e-05,Italy,ITA,friuli venezia giulia,,,Linux-5.14.0-427.13.1.el9_4.x86_64-x86_64-with-glibc2.34,3.13.6,3.0.5,2,AMD EPYC 7542 32-Core Processor,1,1 x NVIDIA A100 80GB PCIe,13.7747,45.6482,21.3,machine,N,1.0
2025-09-21T16:08:39,routerllm_model_loading,14982336-7942-4109-986f-e1a01baf669d,5b0fa12a-3dd7-45bb-9766-cc326314d9f1,2.517202150076628,2.375103880957278e-05,9.435491229359454e-06,45.000025515,50.91071909433927,20.0,2.5126150573681686e-05,3.5524195084235544e-05,1.1166243731147714e-05,7.181658938906494e-05,Italy,ITA,friuli venezia giulia,,,Linux-5.14.0-427.13.1.el9_4.x86_64-x86_64-with-glibc2.34,3.13.6,3.0.5,2,AMD EPYC 7542 32-Core Processor,1,1 x NVIDIA A100 80GB PCIe,13.7747,45.6482,21.3,machine,N,1.0
2025-09-21T16:08:46,routerllm_llm_inference,03ed23c0-9aa2-48c3-952e-a3d4c1815767,5b0fa12a-3dd7-45bb-9766-cc326314d9f1,2.5989333614707,2.654814306342017e-05,1.0215014919965845e-05,45.000202702500005,58.8745366480808,20.0,2.61811972402428e-05,4.245753399345631e-05,1.1635529808700083e-05,8.027426104239919e-05,Italy,ITA,friuli venezia giulia,,,Linux-5.14.0-427.13.1.el9_4.x86_64-x86_64-with-glibc2.34,3.13.6,3.0.5,2,AMD EPYC 7542 32-Core Processor,1,1 x NVIDIA A100 80GB PCIe,13.7747,45.6482,21.3,machine,N,1.0
2025-09-21T16:08:51,routerllm_router_inference,68c8334f-6875-4c42-8372-3d6e9d45de99,5b0fa12a-3dd7-45bb-9766-cc326314d9f1,1.0242373012006285,6.103513407324193e-06,5.959081357581443e-06,45.000000405,32.19290997841358,20.0,6.467927119232672e-06,9.114174019941856e-06,2.8732396869195835e-06,1.8455340826094112e-05,Italy,ITA,friuli venezia giulia,,,Linux-5.14.0-427.13.1.el9_4.x86_64-x86_64-with-glibc2.34,3.13.6,3.0.5,2,AMD EPYC 7542 32-Core Processor,1,1 x NVIDIA A100 80GB PCIe,13.7747,45.6482,21.3,machine,N,1.0
2025-09-21T16:08:56,routerllm_model_loading,8d20573f-bc2e-40aa-8e34-1522fe278bca,5b0fa12a-3dd7-45bb-9766-cc326314d9f1,1.01093977317214,5.9309973629330695e-06,5.8668157296084095e-06,45.000000405,31.376341113946783,20.0,6.333342996615337e-06,8.786395937931957e-06,2.8139609636531937e-06,1.7933699898200488e-05,Italy,ITA,friuli venezia giulia,,,Linux-5.14.0-427.13.1.el9_4.x86_64-x86_64-with-glibc2.34,3.13.6,3.0.5,2,AMD EPYC 7542 32-Core Processor,1,1 x NVIDIA A100 80GB PCIe,13.7747,45.6482,21.3,machine,N,1.0
2025-09-21T16:09:02,routerllm_llm_inference,2919c25d-cd44-46c1-8d0a-4494adfa6cf6,5b0fa12a-3dd7-45bb-9766-cc326314d9f1,2.6688143387436867,2.850907869053998e-05,1.068230122892711e-05,45.000202702500005,63.75438962560626,20.0,2.702150386153685e-05,4.71730933213621e-05,1.2008992251422672e-05,8.620358943432162e-05,Italy,ITA,friuli venezia giulia,,,Linux-5.14.0-427.13.1.el9_4.x86_64-x86_64-with-glibc2.34,3.13.6,3.0.5,2,AMD EPYC 7542 32-Core Processor,1,1 x NVIDIA A100 80GB PCIe,13.7747,45.6482,21.3,machine,N,1.0
2025-09-21T16:09:08,routerllm_router_inference,fe6b4152-ede8-4f52-b8d6-adfe7c856c4c,5b0fa12a-3dd7-45bb-9766-cc326314d9f1,1.0215918347239494,6.146911193526023e-06,6.016993269319754e-06,45.000000405,32.68586480300327,20.0,6.464986701007504e-06,9.249729657767602e-06,2.8718474010626475e-06,1.858656375983776e-05,Italy,ITA,friuli venezia giulia,,,Linux-5.14.0-427.13.1.el9_4.x86_64-x86_64-with-glibc2.34,3.13.6,3.0.5,2,AMD EPYC 7542 32-Core Processor,1,1 x NVIDIA A100 80GB PCIe,13.7747,45.6482,21.3,machine,N,1.0
2025-09-21T16:09:13,routerllm_model_loading,a47a8a8e-4726-4042-9075-6f6e36077a95,5b0fa12a-3dd7-45bb-9766-cc326314d9f1,1.0098841935396194,5.934520565289465e-06,5.87643672735298e-06,45.000000405,31.51607320477284,20.0,6.319063074016367e-06,8.81722922940753e-06,2.8080607867903183e-06,1.7944353090214215e-05,Italy,ITA,friuli venezia giulia,,,Linux-5.14.0-427.13.1.el9_4.x86_64-x86_64-with-glibc2.34,3.13.6,3.0.5,2,AMD EPYC 7542 32-Core Processor,1,1 x NVIDIA A100 80GB PCIe,13.7747,45.6482,21.3,machine,N,1.0
2025-09-21T16:09:27,routerllm_llm_inference,a53ae38e-79df-4985-9fc3-f1415d434164,5b0fa12a-3dd7-45bb-9766-cc326314d9f1,10.815560787916183,0.0001412184180146,1.305696678922363e-05,45.0003669705,80.20420711730911,20.0,0.0001288686788623,0.0002408638038104,5.72730568341083e-05,0.0004270055395069,Italy,ITA,friuli venezia giulia,,,Linux-5.14.0-427.13.1.el9_4.x86_64-x86_64-with-glibc2.34,3.13.6,3.0.5,2,AMD EPYC 7542 32-Core Processor,1,1 x NVIDIA A100 80GB PCIe,13.7747,45.6482,21.3,machine,N,1.0
2025-09-21T16:09:33,routerllm_router_inference,8a64b477-2997-4900-9190-a69309ac31ad,5b0fa12a-3dd7-45bb-9766-cc326314d9f1,1.0244075655937197,6.116812413038463e-06,5.971073055764988e-06,45.000000405,32.19039172411236,20.0,6.486199109517531e-06,9.128062856689212e-06,2.881291384498278e-06,1.849555335070502e-05,Italy,ITA,friuli venezia giulia,,,Linux-5.14.0-427.13.1.el9_4.x86_64-x86_64-with-glibc2.34,3.13.6,3.0.5,2,AMD EPYC 7542 32-Core Processor,1,1 x NVIDIA A100 80GB PCIe,13.7747,45.6482,21.3,machine,N,1.0
2025-09-21T16:09:39,routerllm_model_loading,b9e25e1a-b181-44d1-b559-edae74e77a74,5b0fa12a-3dd7-45bb-9766-cc326314d9f1,2.5940115079283714,2.494243955602183e-05,9.615392792124254e-06,45.00004536,52.40215966045075,20.0,2.610931332121652e-05,3.7706696787154215e-05,1.1603046477668816e-05,7.541905658603956e-05,Italy,ITA,friuli venezia giulia,,,Linux-5.14.0-427.13.1.el9_4.x86_64-x86_64-with-glibc2.34,3.13.6,3.0.5,2,AMD EPYC 7542 32-Core Processor,1,1 x NVIDIA A100 80GB PCIe,13.7747,45.6482,21.3,machine,N,1.0
2025-09-21T16:09:46,routerllm_llm_inference,90b404c3-c2d2-4aa4-8155-95b562eaf184,5b0fa12a-3dd7-45bb-9766-cc326314d9f1,3.322765301913023,3.789816488386017e-05,1.140560991835354e-05,45.000181440000006,69.08607433725491,20.0,3.522703131541992e-05,6.371171764385508e-05,1.5654847046567334e-05,0.0001145935960058,Italy,ITA,friuli venezia giulia,,,Linux-5.14.0-427.13.1.el9_4.x86_64-x86_64-with-glibc2.34,3.13.6,3.0.5,2,AMD EPYC 7542 32-Core Processor,1,1 x NVIDIA A100 80GB PCIe,13.7747,45.6482,21.3,machine,N,1.0
2025-09-21T16:09:52,routerllm_router_inference,ac6f9647-b7c6-4f6b-8527-875e8f101a7b,5b0fa12a-3dd7-45bb-9766-cc326314d9f1,1.0205760300159454,6.731378069440266e-06,6.595665458981136e-06,45.000000405,39.04627011550843,20.0,6.449782301046521e-06,1.1038897696380444e-05,2.8651503639088737e-06,2.035383036133584e-05,Italy,ITA,friuli venezia giulia,,,Linux-5.14.0-427.13.1.el9_4.x86_64-x86_64-with-glibc2.34,3.13.6,3.0.5,2,AMD EPYC 7542 32-Core Processor,1,1 x NVIDIA A100 80GB PCIe,13.7747,45.6482,21.3,machine,N,1.0
2025-09-21T16:09:56,routerllm_model_loading,8021c6d7-03fc-4843-aba6-024c6bd737c4,5b0fa12a-3dd7-45bb-9766-cc326314d9f1,1.0128737725317478,5.968378681468781e-06,5.892519722917109e-06,45.000000405,31.61638305501737,20.0,6.35281928013227e-06,8.870840417785075e-06,2.8230709955096246e-06,1.804673069342697e-05,Italy,ITA,friuli venezia giulia,,,Linux-5.14.0-427.13.1.el9_4.x86_64-x86_64-with-glibc2.34,3.13.6,3.0.5,2,AMD EPYC 7542 32-Core Processor,1,1 x NVIDIA A100 80GB PCIe,13.7747,45.6482,21.3,machine,N,1.0
2025-09-21T16:10:01,routerllm_llm_inference,dd94aaa9-2088-46ae-b053-a77ca3ed5a0d,5b0fa12a-3dd7-45bb-9766-cc326314d9f1,1.1282502375543118,7.467725777231712e-06,6.618855931658716e-06,45.000000405,36.27234252912536,20.0,7.78832940874984e-06,1.1332786868933908e-05,3.459226422839695e-06,2.2580342700523443e-05,Italy,ITA,friuli venezia giulia,,,Linux-5.14.0-427.13.1.el9_4.x86_64-x86_64-with-glibc2.34,3.13.6,3.0.5,2,AMD EPYC 7542 32-Core Processor,1,1 x NVIDIA A100 80GB PCIe,13.7747,45.6482,21.3,machine,N,1.0
2025-09-21T16:10:07,routerllm_router_inference,b20bba0c-d8c3-4d59-acbb-aeacc5e92f74,5b0fa12a-3dd7-45bb-9766-cc326314d9f1,1.0210035853087902,6.175251613248169e-06,6.0482173638798135e-06,45.000000405,33.12926365811739,20.0,6.445480475469527e-06,9.363618630686688e-06,2.863158264921771e-06,1.8672257371077985e-05,Italy,ITA,friuli venezia giulia,,,Linux-5.14.0-427.13.1.el9_4.x86_64-x86_64-with-glibc2.34,3.13.6,3.0.5,2,AMD EPYC 7542 32-Core Processor,1,1 x NVIDIA A100 80GB PCIe,13.7747,45.6482,21.3,machine,N,1.0
2025-09-21T16:10:11,routerllm_model_loading,c1df0c67-3b2a-4637-b7e8-674718949d03,5b0fa12a-3dd7-45bb-9766-cc326314d9f1,1.010400965809822,5.954959908543485e-06,5.893660150820094e-06,45.000003240000005,31.68666682869481,20.0,6.326227345575463e-06,8.869173825587495e-06,2.810754854645994e-06,1.8006156025808952e-05,Italy,ITA,friuli venezia giulia,,,Linux-5.14.0-427.13.1.el9_4.x86_64-x86_64-with-glibc2.34,3.13.6,3.0.5,2,AMD EPYC 7542 32-Core Processor,1,1 x NVIDIA A100 80GB PCIe,13.7747,45.6482,21.3,machine,N,1.0
2025-09-21T16:10:17,routerllm_llm_inference,d883aa90-0aa3-4db2-b1b3-ab80fe37ade3,5b0fa12a-3dd7-45bb-9766-cc326314d9f1,2.445663657039404,2.559600972209041e-05,1.046587483459424e-05,45.0001053,62.46372840411275,20.0,2.4251103011992388e-05,4.236642280375236e-05,1.0777746658358307e-05,7.739527247410305e-05,Italy,ITA,friuli venezia giulia,,,Linux-5.14.0-427.13.1.el9_4.x86_64-x86_64-with-glibc2.34,3.13.6,3.0.5,2,AMD EPYC 7542 32-Core Processor,1,1 x NVIDIA A100 80GB PCIe,13.7747,45.6482,21.3,machine,N,1.0
2025-09-21T16:10:23,routerllm_router_inference,344e35f9-57bf-46d6-8123-ed697b541acb,5b0fa12a-3dd7-45bb-9766-cc326314d9f1,1.019433170557022,6.128063337027665e-06,6.011245772667245e-06,45.000000405,32.688435610844905,20.0,6.4390014039580025e-06,9.230285115791048e-06,2.860286521414916e-06,1.8529573041163967e-05,Italy,ITA,friuli venezia giulia,,,Linux-5.14.0-427.13.1.el9_4.x86_64-x86_64-with-glibc2.34,3.13.6,3.0.5,2,AMD EPYC 7542 32-Core Processor,1,1 x NVIDIA A100 80GB PCIe,13.7747,45.6482,21.3,machine,N,1.0
2025-09-21T16:10:28,routerllm_model_loading,fa2ba361-53ea-4283-9623-c5298ea92106,5b0fa12a-3dd7-45bb-9766-cc326314d9f1,1.0097819045186045,5.946796517909723e-06,5.889189033095967e-06,45.000003240000005,31.74436863075644,20.0,6.307632511145736e-06,8.870840417785075e-06,2.802999255557855e-06,1.7981472184488666e-05,Italy,ITA,friuli venezia giulia,,,Linux-5.14.0-427.13.1.el9_4.x86_64-x86_64-with-glibc2.34,3.13.6,3.0.5,2,AMD EPYC 7542 32-Core Processor,1,1 x NVIDIA A100 80GB PCIe,13.7747,45.6482,21.3,machine,N,1.0
2025-09-21T16:10:32,routerllm_llm_inference,f5f98dad-b7dd-4440-966c-456e151c6203,5b0fa12a-3dd7-45bb-9766-cc326314d9f1,1.2230295836925509,8.820879274597958e-06,7.212318812408531e-06,45.000000405,40.629312870601936,20.0,8.951631920883128e-06,1.374306651769075e-05,3.977207156519095e-06,2.6671905595092973e-05,Italy,ITA,friuli venezia giulia,,,Linux-5.14.0-427.13.1.el9_4.x86_64-x86_64-with-glibc2.34,3.13.6,3.0.5,2,AMD EPYC 7542 32-Core Processor,1,1 x NVIDIA A100 80GB PCIe,13.7747,45.6482,21.3,machine,N,1.0
2025-09-21T16:10:38,routerllm_router_inference,ab158f29-3cec-4bcd-8d82-db7c12cdf061,5b0fa12a-3dd7-45bb-9766-cc326314d9f1,1.0206020027399063,6.133407435364189e-06,6.009597687343798e-06,45.000000405,32.7087483025198,20.0,6.443741556508684e-06,9.2394518560468e-06,2.862538707753023e-06,1.8545732120308503e-05,Italy,ITA,friuli venezia giulia,,,Linux-5.14.0-427.13.1.el9_4.x86_64-x86_64-with-glibc2.34,3.13.6,3.0.5,2,AMD EPYC 7542 32-Core Processor,1,1 x NVIDIA A100 80GB PCIe,13.7747,45.6482,21.3,machine,N,1.0
2025-09-21T16:10:43,routerllm_model_loading,8756c82b-e201-45df-ae72-c3e656628d5a,5b0fa12a-3dd7-45bb-9766-cc326314d9f1,1.0095418952405453,5.954974955553636e-06,5.898690270931979e-06,45.000000405,31.771569455402823,20.0,6.315152031395199e-06,8.884729368219269e-06,2.8063201242023044e-06,1.8006201523816772e-05,Italy,ITA,friuli venezia giulia,,,Linux-5.14.0-427.13.1.el9_4.x86_64-x86_64-with-glibc2.34,3.13.6,3.0.5,2,AMD EPYC 7542 32-Core Processor,1,1 x NVIDIA A100 80GB PCIe,13.7747,45.6482,21.3,machine,N,1.0
2025-09-21T16:10:47,routerllm_llm_inference,9ee04051-97eb-4b4c-9d1a-2847fe0b501b,5b0fa12a-3dd7-45bb-9766-cc326314d9f1,1.0334101803600788,6.125041210096571e-06,5.927018454533104e-06,45.000000405,31.42304959296685,20.0,6.600943220583144e-06,8.986951684164524e-06,2.9325400582618184e-06,1.8520434963009484e-05,Italy,ITA,friuli venezia giulia,,,Linux-5.14.0-427.13.1.el9_4.x86_64-x86_64-with-glibc2.34,3.13.6,3.0.5,2,AMD EPYC 7542 32-Core Processor,1,1 x NVIDIA A100 80GB PCIe,13.7747,45.6482,21.3,machine,N,1.0
2025-09-21T16:10:53,routerllm_router_inference,a3e46ec3-d061-4149-8ca3-807149039022,5b0fa12a-3dd7-45bb-9766-cc326314d9f1,1.021840661764145,6.175979239307482e-06,6.043974829348672e-06,45.000000405,32.98450990441103,20.0,6.466431973957928e-06,9.335563049717166e-06,2.872462487883038e-06,1.867445751155813e-05,Italy,ITA,friuli venezia giulia,,,Linux-5.14.0-427.13.1.el9_4.x86_64-x86_64-with-glibc2.34,3.13.6,3.0.5,2,AMD EPYC 7542 32-Core Processor,1,1 x NVIDIA A100 80GB PCIe,13.7747,45.6482,21.3,machine,N,1.0
2025-09-21T16:10:58,routerllm_model_loading,c53bd600-9be5-4c7a-95c5-55d0d470da96,5b0fa12a-3dd7-45bb-9766-cc326314d9f1,1.009451545774937,5.950986107842633e-06,5.89526672454018e-06,45.000003240000005,31.73264037799764,20.0,6.314670283518181e-06,8.873340448189992e-06,2.806129616995653e-06,1.7994140348703827e-05,Italy,ITA,friuli venezia giulia,,,Linux-5.14.0-427.13.1.el9_4.x86_64-x86_64-with-glibc2.34,3.13.6,3.0.5,2,AMD EPYC 7542 32-Core Processor,1,1 x NVIDIA A100 80GB PCIe,13.7747,45.6482,21.3,machine,N,1.0
2025-09-21T16:11:03,routerllm_llm_inference,869fefec-76ef-4445-af88-3166dfd0d986,5b0fa12a-3dd7-45bb-9766-cc326314d9f1,1.5097117759287355,1.2896149322312465e-05,8.542126734342446e-06,45.000000405,49.81325763821809,20.0,1.2562524919770824e-05,2.084973891669506e-05,5.58213417728742e-06,3.89943980137533e-05,Italy,ITA,friuli venezia giulia,,,Linux-5.14.0-427.13.1.el9_4.x86_64-x86_64-with-glibc2.34,3.13.6,3.0.5,2,AMD EPYC 7542 32-Core Processor,1,1 x NVIDIA A100 80GB PCIe,13.7747,45.6482,21.3,machine,N,1.0
2025-09-21T16:11:09,routerllm_router_inference,8dabae25-1101-457a-8ce6-bcc0b42dacae,5b0fa12a-3dd7-45bb-9766-cc326314d9f1,1.022623471915722,6.1760062389350894e-06,6.039374616901104e-06,45.000000405,33.01152462915521,20.0,6.461728608649275e-06,9.342507439669134e-06,2.8703031026654773e-06,1.867453915098389e-05,Italy,ITA,friuli venezia giulia,,,Linux-5.14.0-427.13.1.el9_4.x86_64-x86_64-with-glibc2.34,3.13.6,3.0.5,2,AMD EPYC 7542 32-Core Processor,1,1 x NVIDIA A100 80GB PCIe,13.7747,45.6482,21.3,machine,N,1.0
2025-09-21T16:11:13,routerllm_model_loading,387d4df7-764d-48b7-ab7a-32dd686e9c7a,5b0fa12a-3dd7-45bb-9766-cc326314d9f1,1.0118683874607086,5.9579519846710905e-06,5.888070087477104e-06,45.000000405,31.789205892113973,20.0,6.3173908377524655e-06,8.890840433650737e-06,2.8069719672203065e-06,1.801520323862351e-05,Italy,ITA,friuli venezia giulia,,,Linux-5.14.0-427.13.1.el9_4.x86_64-x86_64-with-glibc2.34,3.13.6,3.0.5,2,AMD EPYC 7542 32-Core Processor,1,1 x NVIDIA A100 80GB PCIe,13.7747,45.6482,21.3,machine,N,1.0
2025-09-21T16:11:18,routerllm_llm_inference,f1400a31-404d-464e-8533-3903b3bf809c,5b0fa12a-3dd7-45bb-9766-cc326314d9f1,1.422953400760889,1.1584827267311193e-05,8.141396099911982e-06,45.000000405,46.78977180558445,20.0,1.1474689991108786e-05,1.8455292604357965e-05,5.0993392657902505e-06,3.5029321861257e-05,Italy,ITA,friuli venezia giulia,,,Linux-5.14.0-427.13.1.el9_4.x86_64-x86_64-with-glibc2.34,3.13.6,3.0.5,2,AMD EPYC 7542 32-Core Processor,1,1 x NVIDIA A100 80GB PCIe,13.7747,45.6482,21.3,machine,N,1.0
2025-09-21T16:11:24,routerllm_router_inference,ea13f02e-5176-4c1c-a290-aab8f4d30125,5b0fa12a-3dd7-45bb-9766-cc326314d9f1,1.0223069787025452,6.183759207826121e-06,6.048828127608209e-06,45.000003240000005,33.02336365700311,20.0,6.471273675831335e-06,9.35195191686944e-06,2.874756397472488e-06,1.8697981990173263e-05,Italy,ITA,friuli venezia giulia,,,Linux-5.14.0-427.13.1.el9_4.x86_64-x86_64-with-glibc2.34,3.13.6,3.0.5,2,AMD EPYC 7542 32-Core Processor,1,1 x NVIDIA A100 80GB PCIe,13.7747,45.6482,21.3,machine,N,1.0
2025-09-21T16:11:29,routerllm_model_loading,04a59e5b-96a4-4823-b09f-863fb725b190,5b0fa12a-3dd7-45bb-9766-cc326314d9f1,1.009198077023029,5.955331503336088e-06,5.9010531618365255e-06,45.000000405,31.79957623117036,20.0,6.313100746840018e-06,8.890007109130238e-06,2.8041717699832386e-06,1.8007279625953494e-05,Italy,ITA,friuli venezia giulia,,,Linux-5.14.0-427.13.1.el9_4.x86_64-x86_64-with-glibc2.34,3.13.6,3.0.5,2,AMD EPYC 7542 32-Core Processor,1,1 x NVIDIA A100 80GB PCIe,13.7747,45.6482,21.3,machine,N,1.0
2025-09-21T16:11:41,routerllm_llm_inference,1063bd00-61eb-44e8-b751-45033cb41910,5b0fa12a-3dd7-45bb-9766-cc326314d9f1,8.909170370548964,0.0001150236398713,1.2910701567858553e-05,45.0003711825,79.26797439872804,20.0,0.0001050406512451,0.0001960762680255,4.668283723294736e-05,0.0003477997565036,Italy,ITA,friuli venezia giulia,,,Linux-5.14.0-427.13.1.el9_4.x86_64-x86_64-with-glibc2.34,3.13.6,3.0.5,2,AMD EPYC 7542 32-Core Processor,1,1 x NVIDIA A100 80GB PCIe,13.7747,45.6482,21.3,machine,N,1.0
2025-09-21T16:11:47,routerllm_router_inference,95ba6c17-c9d8-4ad7-a6af-5c318d638941,5b0fa12a-3dd7-45bb-9766-cc326314d9f1,1.020676176995039,6.164950852552952e-06,6.040065391457566e-06,45.000000405,33.038128376395775,20.0,6.444812344648485e-06,9.333340813100222e-06,2.8629575545589133e-06,1.864111071230762e-05,Italy,ITA,friuli venezia giulia,,,Linux-5.14.0-427.13.1.el9_4.x86_64-x86_64-with-glibc2.34,3.13.6,3.0.5,2,AMD EPYC 7542 32-Core Processor,1,1 x NVIDIA A100 80GB PCIe,13.7747,45.6482,21.3,machine,N,1.0
2025-09-21T16:11:52,routerllm_model_loading,98d4e87b-0c65-4442-b50d-22b6b04d0097,5b0fa12a-3dd7-45bb-9766-cc326314d9f1,1.0102001316845417,5.9681233983948165e-06,5.907862423698931e-06,45.000003240000005,31.869083034782,20.0,6.320016960237879e-06,8.91806269009976e-06,2.8078791374961536e-06,1.8045958787833792e-05,Italy,ITA,friuli venezia giulia,,,Linux-5.14.0-427.13.1.el9_4.x86_64-x86_64-with-glibc2.34,3.13.6,3.0.5,2,AMD EPYC 7542 32-Core Processor,1,1 x NVIDIA A100 80GB PCIe,13.7747,45.6482,21.3,machine,N,1.0
2025-09-21T16:12:06,routerllm_llm_inference,747741a2-2cbe-4cda-8d3b-e62d67b3e838,5b0fa12a-3dd7-45bb-9766-cc326314d9f1,10.80907966941595,0.0001425343797903,1.318654169916689e-05,45.00033161400001,81.59626694726367,20.0,0.0001288079552358,0.0002449296403597,5.724704929937919e-05,0.0004309846448949,Italy,ITA,friuli venezia giulia,,,Linux-5.14.0-427.13.1.el9_4.x86_64-x86_64-with-glibc2.34,3.13.6,3.0.5,2,AMD EPYC 7542 32-Core Processor,1,1 x NVIDIA A100 80GB PCIe,13.7747,45.6482,21.3,machine,N,1.0
2025-09-25T18:13:18,routerllm_router_inference,313ed9cb-6185-4468-9299-990b108d68f7,5b0fa12a-3dd7-45bb-9766-cc326314d9f1,1.011262472718954,4.9424477692982025e-06,4.887403520482251e-06,45.000405,20.714339478223536,20.0,6.331777887141286e-06,5.800004601042019e-06,2.8128161405523617e-06,1.4944598628735667e-05,Italy,ITA,friuli venezia giulia,,,Linux-5.14.0-427.13.1.el9_4.x86_64-x86_64-with-glibc2.34,3.13.6,3.0.5,2,AMD EPYC 7542 32-Core Processor,1,1 x NVIDIA A100 80GB PCIe,13.7747,45.6482,21.3,machine,N,1.0
2025-09-25T18:17:00,routerllm_router_inference,4a0b8084-f92d-4a33-a33f-cbd3477f8027,5b0fa12a-3dd7-45bb-9766-cc326314d9f1,1.011218387633562,4.9420913488241495e-06,4.887264125397835e-06,45.000295245,20.82489152637945,20.0,6.31505752741579e-06,5.823060178045125e-06,2.8054032060835097e-06,1.4943520911544425e-05,Italy,ITA,friuli venezia giulia,,,Linux-5.14.0-427.13.1.el9_4.x86_64-x86_64-with-glibc2.34,3.13.6,3.0.5,2,AMD EPYC 7542 32-Core Processor,1,1 x NVIDIA A100 80GB PCIe,13.7747,45.6482,21.3,machine,N,1.0
2025-09-25T18:17:13,routerllm_model_loading,81f064ca-134e-4ab2-b5fd-27f9d2909a60,5b0fa12a-3dd7-45bb-9766-cc326314d9f1,8.972169067710638,8.905583432801602e-05,9.925786468794189e-06,45.001509384375005,46.72876006307401,20.0,0.0001058356100459,0.0001164103709356,4.703429504815076e-05,0.0002692802760297,Italy,ITA,friuli venezia giulia,,,Linux-5.14.0-427.13.1.el9_4.x86_64-x86_64-with-glibc2.34,3.13.6,3.0.5,2,AMD EPYC 7542 32-Core Processor,1,1 x NVIDIA A100 80GB PCIe,13.7747,45.6482,21.3,machine,N,1.0
2025-09-25T18:17:19,routerllm_llm_inference,1882bffe-d319-49da-91dd-8912165ca8e2,5b0fa12a-3dd7-45bb-9766-cc326314d9f1,2.3261641450226307,2.1674934356433864e-05,9.317886875185667e-06,45.00049754250001,50.62575985034205,20.0,2.2762564411598323e-05,3.2661137197465e-05,1.0115320628715886e-05,6.55390222377792e-05,Italy,ITA,friuli venezia giulia,,,Linux-5.14.0-427.13.1.el9_4.x86_64-x86_64-with-glibc2.34,3.13.6,3.0.5,2,AMD EPYC 7542 32-Core Processor,1,1 x NVIDIA A100 80GB PCIe,13.7747,45.6482,21.3,machine,N,1.0
2025-09-25T18:18:04,routerllm_router_inference,b2437d85-6176-4dd6-a4f3-4c6764b9e7d8,5b0fa12a-3dd7-45bb-9766-cc326314d9f1,1.0112130418419838,4.947074802487305e-06,4.892218155608356e-06,45.000539055,20.84361069039519,20.0,6.319802893850893e-06,5.831393536936957e-06,2.807393069896433e-06,1.4958589500684285e-05,Italy,ITA,friuli venezia giulia,,,Linux-5.14.0-427.13.1.el9_4.x86_64-x86_64-with-glibc2.34,3.13.6,3.0.5,2,AMD EPYC 7542 32-Core Processor,1,1 x NVIDIA A100 80GB PCIe,13.7747,45.6482,21.3,machine,N,1.0
2025-09-25T18:23:52,routerllm_model_loading,4ec0d9fd-f7db-44c4-8bc3-eafd7fd4ffda,5b0fa12a-3dd7-45bb-9766-cc326314d9f1,344.9927916228771,0.0036509048993557,1.0582554151875291e-05,45.004552335,61.11280171858472,20.0,0.0041672977445798,0.0050200973494156,0.0018519341815676,0.0110393292755632,Italy,ITA,friuli venezia giulia,,,Linux-5.14.0-427.13.1.el9_4.x86_64-x86_64-with-glibc2.34,3.13.6,3.0.5,2,AMD EPYC 7542 32-Core Processor,1,1 x NVIDIA A100 80GB PCIe,13.7747,45.6482,21.3,machine,N,1.0
2025-09-25T18:25:03,routerllm_llm_inference,b89f2755-77aa-4b93-a149-72a96af90f6f,5b0fa12a-3dd7-45bb-9766-cc326314d9f1,67.15091440081596,0.0011106611057135,1.6539776347410243e-05,45.00160167375,121.55426182170004,20.0,0.0008078327656326,0.0021914867531904,0.0003590132774371,0.0033583327962602,Italy,ITA,friuli venezia giulia,,,Linux-5.14.0-427.13.1.el9_4.x86_64-x86_64-with-glibc2.34,3.13.6,3.0.5,2,AMD EPYC 7542 32-Core Processor,1,1 x NVIDIA A100 80GB PCIe,13.7747,45.6482,21.3,machine,N,1.0
2025-09-25T18:25:08,routerllm_router_inference,89e08cb9-6887-492f-a91b-cfa8bf7ef628,5b0fa12a-3dd7-45bb-9766-cc326314d9f1,1.0117382816970348,5.931905748501342e-06,5.86308322598161e-06,45.000295245,31.52448320218772,20.0,6.3142330221309405e-06,8.81722928625095e-06,2.804984297189448e-06,1.7936446605571338e-05,Italy,ITA,friuli venezia giulia,,,Linux-5.14.0-427.13.1.el9_4.x86_64-x86_64-with-glibc2.34,3.13.6,3.0.5,2,AMD EPYC 7542 32-Core Processor,1,1 x NVIDIA A100 80GB PCIe,13.7747,45.6482,21.3,machine,N,1.0
2025-09-25T18:27:59,routerllm_model_loading,c1b47cb4-1af5-40c5-99c5-e6f9ec9386b1,5b0fa12a-3dd7-45bb-9766-cc326314d9f1,167.49795921891928,0.0019145798517457,1.1430466739259957e-05,45.001285335000006,60.21124352026617,20.0,0.0020180974111412,0.0028742250771074,0.0008968388266654,0.0057891613149141,Italy,ITA,friuli venezia giulia,,,Linux-5.14.0-427.13.1.el9_4.x86_64-x86_64-with-glibc2.34,3.13.6,3.0.5,2,AMD EPYC 7542 32-Core Processor,1,1 x NVIDIA A100 80GB PCIe,13.7747,45.6482,21.3,machine,N,1.0
2025-09-25T18:28:12,routerllm_llm_inference,9a2d87aa-8a8c-434c-9c41-bea67e685600,5b0fa12a-3dd7-45bb-9766-cc326314d9f1,9.454146794974804,0.000132575554602,1.4023005721946987e-05,45.00161019,91.1699820985992,20.0,0.000111850701897,0.0002393126914626,4.970851141131587e-05,0.000400871904771,Italy,ITA,friuli venezia giulia,,,Linux-5.14.0-427.13.1.el9_4.x86_64-x86_64-with-glibc2.34,3.13.6,3.0.5,2,AMD EPYC 7542 32-Core Processor,1,1 x NVIDIA A100 80GB PCIe,13.7747,45.6482,21.3,machine,N,1.0
2025-09-25T18:28:17,routerllm_router_inference,c8f7142b-3a32-49b0-8259-fd95a6b46cad,5b0fa12a-3dd7-45bb-9766-cc326314d9f1,1.010424256324768,5.856995625973751e-06,5.796570687324444e-06,45.000539055,30.645117565482945,20.0,6.323294277741399e-06,8.577506889650977e-06,2.8091378923919464e-06,1.7709939059784322e-05,Italy,ITA,friuli venezia giulia,,,Linux-5.14.0-427.13.1.el9_4.x86_64-x86_64-with-glibc2.34,3.13.6,3.0.5,2,AMD EPYC 7542 32-Core Processor,1,1 x NVIDIA A100 80GB PCIe,13.7747,45.6482,21.3,machine,N,1.0
2025-09-25T18:28:23,routerllm_model_loading,8e5eee60-e842-41b3-bffd-f59d3bba2be8,5b0fa12a-3dd7-45bb-9766-cc326314d9f1,1.5053249187767506,1.1644038050043916e-05,7.735232377277083e-06,45.001989765000005,41.07768659969267,20.0,1.2507615197285266e-05,1.7143347122328123e-05,5.557396614717113e-06,3.5208358934330506e-05,Italy,ITA,friuli venezia giulia,,,Linux-5.14.0-427.13.1.el9_4.x86_64-x86_64-with-glibc2.34,3.13.6,3.0.5,2,AMD EPYC 7542 32-Core Processor,1,1 x NVIDIA A100 80GB PCIe,13.7747,45.6482,21.3,machine,N,1.0
2025-09-25T18:28:27,routerllm_router_inference,de22519e-f01f-4168-8025-dc45fe16ee2c,5b0fa12a-3dd7-45bb-9766-cc326314d9f1,1.0113242380321026,5.861401725971396e-06,5.795769057584217e-06,45.000295245,30.608182022103986,20.0,6.334168438598894e-06,8.574729122301505e-06,2.814364329808288e-06,1.7723261890708687e-05,Italy,ITA,friuli venezia giulia,,,Linux-5.14.0-427.13.1.el9_4.x86_64-x86_64-with-glibc2.34,3.13.6,3.0.5,2,AMD EPYC 7542 32-Core Processor,1,1 x NVIDIA A100 80GB PCIe,13.7747,45.6482,21.3,machine,N,1.0
2025-09-25T18:31:22,routerllm_model_loading,5bf6c4b4-0102-4281-ac34-831f6d23814d,5b0fa12a-3dd7-45bb-9766-cc326314d9f1,171.28097783401608,0.0019488293522015,1.1377967225818048e-05,45.0010884375,60.88136268733179,20.0,0.002065209393421,0.0029096920500251,0.0009178209127651,0.0058927223562113,Italy,ITA,friuli venezia giulia,,,Linux-5.14.0-427.13.1.el9_4.x86_64-x86_64-with-glibc2.34,3.13.6,3.0.5,2,AMD EPYC 7542 32-Core Processor,1,1 x NVIDIA A100 80GB PCIe,13.7747,45.6482,21.3,machine,N,1.0
2025-09-25T18:32:31,routerllm_llm_inference,f8648a0f-58ea-4e72-9ef1-1a5a04a9350e,5b0fa12a-3dd7-45bb-9766-cc326314d9f1,64.91776447743177,0.0010829587890677,1.6682009890285958e-05,45.00156710700001,118.79937625571026,20.0,0.0007798525764897,0.0021481364407236,0.000346579615482,0.0032745686326954,Italy,ITA,friuli venezia giulia,,,Linux-5.14.0-427.13.1.el9_4.x86_64-x86_64-with-glibc2.34,3.13.6,3.0.5,2,AMD EPYC 7542 32-Core Processor,1,1 x NVIDIA A100 80GB PCIe,13.7747,45.6482,21.3,machine,N,1.0
2025-09-25T18:32:36,routerllm_router_inference,45e333e5-3f60-4994-b268-9ec6eeca71f8,5b0fa12a-3dd7-45bb-9766-cc326314d9f1,1.0128262266516683,5.920941861654242e-06,5.845960250484878e-06,45.000207360000005,31.28479898566204,20.0,6.329741439004517e-06,8.761673711887852e-06,2.8118796853555578e-06,1.7903294836247926e-05,Italy,ITA,friuli venezia giulia,,,Linux-5.14.0-427.13.1.el9_4.x86_64-x86_64-with-glibc2.34,3.13.6,3.0.5,2,AMD EPYC 7542 32-Core Processor,1,1 x NVIDIA A100 80GB PCIe,13.7747,45.6482,21.3,machine,N,1.0
2025-09-25T18:32:41,routerllm_model_loading,fb144092-ec04-4bd8-94b9-e5366002934f,5b0fa12a-3dd7-45bb-9766-cc326314d9f1,1.0106758624315262,5.902370984085569e-06,5.840023694525956e-06,45.000207360000005,31.19509689055236,20.0,6.314978231787682e-06,8.726395833491551e-06,2.8057675601707567e-06,1.7847141625449988e-05,Italy,ITA,friuli venezia giulia,,,Linux-5.14.0-427.13.1.el9_4.x86_64-x86_64-with-glibc2.34,3.13.6,3.0.5,2,AMD EPYC 7542 32-Core Processor,1,1 x NVIDIA A100 80GB PCIe,13.7747,45.6482,21.3,machine,N,1.0
2025-09-25T18:32:53,routerllm_llm_inference,ce02a840-81b0-416b-87f8-c84083ab7e67,5b0fa12a-3dd7-45bb-9766-cc326314d9f1,8.2869166508317,0.0001285130577294,1.5507946217430386e-05,45.00158810625,107.84001912992576,20.0,9.725960623046132e-05,0.000248104920729,4.3223507950703305e-05,0.0003885880349101,Italy,ITA,friuli venezia giulia,,,Linux-5.14.0-427.13.1.el9_4.x86_64-x86_64-with-glibc2.34,3.13.6,3.0.5,2,AMD EPYC 7542 32-Core Processor,1,1 x NVIDIA A100 80GB PCIe,13.7747,45.6482,21.3,machine,N,1.0
2025-09-25T18:32:57,routerllm_router_inference,9cc4dd1e-5545-415b-bc7c-8567f96e8374,5b0fa12a-3dd7-45bb-9766-cc326314d9f1,1.0119028687477112,5.9138698057427385e-06,5.844305800873454e-06,45.000207360000005,31.116816095135267,20.0,6.342057212349796e-06,8.722507004677027e-06,2.817346673044893e-06,1.7881910890071718e-05,Italy,ITA,friuli venezia giulia,,,Linux-5.14.0-427.13.1.el9_4.x86_64-x86_64-with-glibc2.34,3.13.6,3.0.5,2,AMD EPYC 7542 32-Core Processor,1,1 x NVIDIA A100 80GB PCIe,13.7747,45.6482,21.3,machine,N,1.0
2025-09-25T18:33:02,routerllm_model_loading,3cf62b9f-6672-4d9d-ab5d-1d304f8d5798,5b0fa12a-3dd7-45bb-9766-cc326314d9f1,1.4896067008376122,1.1626306329467243e-05,7.804950342214306e-06,45.000207360000005,42.12411251447939,20.0,1.2300383122250224e-05,1.738890284741501e-05,5.465457133120961e-06,3.51547431027862e-05,Italy,ITA,friuli venezia giulia,,,Linux-5.14.0-427.13.1.el9_4.x86_64-x86_64-with-glibc2.34,3.13.6,3.0.5,2,AMD EPYC 7542 32-Core Processor,1,1 x NVIDIA A100 80GB PCIe,13.7747,45.6482,21.3,machine,N,1.0
2025-09-25T18:33:07,routerllm_router_inference,d95520fd-579d-4078-9bf8-318260239823,5b0fa12a-3dd7-45bb-9766-cc326314d9f1,1.0102961882948875,5.878577848131536e-06,5.818667749358749e-06,45.000207360000005,30.964763223356545,20.0,6.312050000421477e-06,8.659173602154624e-06,2.8039741433329056e-06,1.7775197745909008e-05,Italy,ITA,friuli venezia giulia,,,Linux-5.14.0-427.13.1.el9_4.x86_64-x86_64-with-glibc2.34,3.13.6,3.0.5,2,AMD EPYC 7542 32-Core Processor,1,1 x NVIDIA A100 80GB PCIe,13.7747,45.6482,21.3,machine,N,1.0
2025-09-25T18:35:59,routerllm_model_loading,ccaa3fdd-b197-4a62-b6af-7c4adf724ecb,5b0fa12a-3dd7-45bb-9766-cc326314d9f1,168.68403089419007,0.0019202581023749,1.1383757503278503e-05,45.0007452,62.293893435436615,20.0,0.0020327513455461,0.002870182573929,0.0009033968589372,0.0058063307784124,Italy,ITA,friuli venezia giulia,,,Linux-5.14.0-427.13.1.el9_4.x86_64-x86_64-with-glibc2.34,3.13.6,3.0.5,2,AMD EPYC 7542 32-Core Processor,1,1 x NVIDIA A100 80GB PCIe,13.7747,45.6482,21.3,machine,N,1.0
2025-09-25T18:37:08,routerllm_llm_inference,7a89bf4b-70ee-4f36-b1b3-664a0965108e,5b0fa12a-3dd7-45bb-9766-cc326314d9f1,64.58853156119585,0.0010842769542592,1.6787453252933714e-05,45.00156710700001,119.6563226824558,20.0,0.0007757783611818,0.0021580061708164,0.0003447698686064,0.0032785544006047,Italy,ITA,friuli venezia giulia,,,Linux-5.14.0-427.13.1.el9_4.x86_64-x86_64-with-glibc2.34,3.13.6,3.0.5,2,AMD EPYC 7542 32-Core Processor,1,1 x NVIDIA A100 80GB PCIe,13.7747,45.6482,21.3,machine,N,1.0
2025-09-25T18:37:12,routerllm_router_inference,1540a9f2-ffcd-420c-9f97-298907c4ffff,5b0fa12a-3dd7-45bb-9766-cc326314d9f1,1.01325473934412,5.916015851385195e-06,5.838626380582866e-06,45.000207360000005,31.131180306376027,20.0,6.340616170289803e-06,8.731118100513413e-06,2.816665669282277e-06,1.7888399940085493e-05,Italy,ITA,friuli venezia giulia,,,Linux-5.14.0-427.13.1.el9_4.x86_64-x86_64-with-glibc2.34,3.13.6,3.0.5,2,AMD EPYC 7542 32-Core Processor,1,1 x NVIDIA A100 80GB PCIe,13.7747,45.6482,21.3,machine,N,1.0
2025-09-25T18:38:02,routerllm_model_loading,c5250e56-b12e-4040-a109-0471f9da4070,5b0fa12a-3dd7-45bb-9766-cc326314d9f1,45.56230971217156,0.0005196988461916,1.1406332327634543e-05,45.0009887315625,61.73994324964743,20.0,0.0005505454225419,0.0007762025654756,0.0002446779585339,0.0015714259465515,Italy,ITA,friuli venezia giulia,,,Linux-5.14.0-427.13.1.el9_4.x86_64-x86_64-with-glibc2.34,3.13.6,3.0.5,2,AMD EPYC 7542 32-Core Processor,1,1 x NVIDIA A100 80GB PCIe,13.7747,45.6482,21.3,machine,N,1.0
2025-09-25T18:38:06,routerllm_llm_inference,bff64e2d-6585-40d7-a478-c28eba1239f6,5b0fa12a-3dd7-45bb-9766-cc326314d9f1,1.0192612335085869,5.9014227853848375e-06,5.789902128496012e-06,45.000405,30.45425082313704,20.0,6.412260574711114e-06,8.583340161294473e-06,2.848673798143864e-06,1.784427453414945e-05,Italy,ITA,friuli venezia giulia,,,Linux-5.14.0-427.13.1.el9_4.x86_64-x86_64-with-glibc2.34,3.13.6,3.0.5,2,AMD EPYC 7542 32-Core Processor,1,1 x NVIDIA A100 80GB PCIe,13.7747,45.6482,21.3,machine,N,1.0
2025-09-25T18:38:11,routerllm_router_inference,b6af2ebf-d7af-47b5-bc15-b9dd0765fd2c,5b0fa12a-3dd7-45bb-9766-cc326314d9f1,1.0104517303407192,5.844071314536713e-06,5.7836224522730255e-06,45.000207360000005,30.56834832554857,20.0,6.315927160731601e-06,8.549173458050063e-06,2.805758888522784e-06,1.767085950730445e-05,Italy,ITA,friuli venezia giulia,,,Linux-5.14.0-427.13.1.el9_4.x86_64-x86_64-with-glibc2.34,3.13.6,3.0.5,2,AMD EPYC 7542 32-Core Processor,1,1 x NVIDIA A100 80GB PCIe,13.7747,45.6482,21.3,machine,N,1.0
2025-09-25T18:39:43,routerllm_model_loading,e5a3ca90-704c-4eac-a707-c889c72121ad,5b0fa12a-3dd7-45bb-9766-cc326314d9f1,88.51919567212462,0.0010046076437797,1.1349037190767214e-05,45.00102427392857,60.72256548487983,20.0,0.0010685694347392,0.0014941859175223,0.0004749010310611,0.0030376563833227,Italy,ITA,friuli venezia giulia,,,Linux-5.14.0-427.13.1.el9_4.x86_64-x86_64-with-glibc2.34,3.13.6,3.0.5,2,AMD EPYC 7542 32-Core Processor,1,1 x NVIDIA A100 80GB PCIe,13.7747,45.6482,21.3,machine,N,1.0
2025-09-25T18:40:40,routerllm_llm_inference,5735db20-df5d-4f27-86d3-da26b9aa6b37,5b0fa12a-3dd7-45bb-9766-cc326314d9f1,52.798522122204304,0.0007803094248978,1.477900125863043e-05,45.001824474375006,99.67885501024438,20.0,0.0006347361513875,0.001442630042959,0.0002820742500738,0.0023594404444205,Italy,ITA,friuli venezia giulia,,,Linux-5.14.0-427.13.1.el9_4.x86_64-x86_64-with-glibc2.34,3.13.6,3.0.5,2,AMD EPYC 7542 32-Core Processor,1,1 x NVIDIA A100 80GB PCIe,13.7747,45.6482,21.3,machine,N,1.0
2025-09-25T18:40:45,routerllm_router_inference,3c4a6a0b-4e88-497e-98f1-32cbccf55b69,5b0fa12a-3dd7-45bb-9766-cc326314d9f1,1.049559686332941,6.438312045497098e-06,6.134298153154043e-06,45.000295245,36.15613638516665,20.0,6.3500668246158805e-06,1.0296674872734002e-05,2.8209378528926106e-06,1.946767955024249e-05,Italy,ITA,friuli venezia giulia,,,Linux-5.14.0-427.13.1.el9_4.x86_64-x86_64-with-glibc2.34,3.13.6,3.0.5,2,AMD EPYC 7542 32-Core Processor,1,1 x NVIDIA A100 80GB PCIe,13.7747,45.6482,21.3,machine,N,1.0
2025-09-25T18:43:35,routerllm_model_loading,bceb6038-83e7-4a76-bc91-582d8a6725fe,5b0fa12a-3dd7-45bb-9766-cc326314d9f1,166.3869998641312,0.0019142699819879,1.150492516573449e-05,0.0,50.84059742926956,20.0,0.0020058265539072,0.0028083736355597,0.0009740241647801,0.0057882243542471,Italy,ITA,friuli venezia giulia,,,Linux-5.14.0-427.13.1.el9_4.x86_64-x86_64-with-glibc2.34,3.13.6,3.0.5,2,AMD EPYC 7542 32-Core Processor,1,1 x NVIDIA A100 80GB PCIe,13.7747,45.6482,21.3,machine,N,1.0
2025-09-25T18:44:43,routerllm_llm_inference,3f3b3fc7-8930-4de4-b9b9-0aa054559b03,5b0fa12a-3dd7-45bb-9766-cc326314d9f1,64.73754277080297,0.0010760121050911,1.662114530513928e-05,45.00156710700001,118.61897326837564,20.0,0.000777586660772,0.0021304039265146,0.0003455731893786,0.0032535637766652,Italy,ITA,friuli venezia giulia,,,Linux-5.14.0-427.13.1.el9_4.x86_64-x86_64-with-glibc2.34,3.13.6,3.0.5,2,AMD EPYC 7542 32-Core Processor,1,1 x NVIDIA A100 80GB PCIe,13.7747,45.6482,21.3,machine,N,1.0
2025-09-25T20:31:37,routerllm_router_inference,22572969-1b7f-4ced-9bd2-fa334b1bb6de,5b0fa12a-3dd7-45bb-9766-cc326314d9f1,1.1438961178064346,7.271103665838327e-06,6.356437051103545e-06,45.000000405,33.36942764843439,20.0,7.931117458868541e-06,1.053167511599895e-05,3.523019101056788e-06,2.198581167592428e-05,Italy,ITA,friuli venezia giulia,,,Linux-5.14.0-427.13.1.el9_4.x86_64-x86_64-with-glibc2.34,3.13.6,3.0.5,2,AMD EPYC 7542 32-Core Processor,1,1 x NVIDIA A100 80GB PCIe,13.7747,45.6482,21.3,machine,N,1.0
2025-09-25T20:32:42,routerllm_model_loading,6e12219d-ef46-40c5-ab38-9da37500ee27,5b0fa12a-3dd7-45bb-9766-cc326314d9f1,61.64688550308347,0.0007378268972573,1.1968599731132677e-05,0.0,67.74316293077067,20.0,0.0007406365665869,0.0010771339172492,0.0004132145162464,0.0022309850000827,Italy,ITA,friuli venezia giulia,,,Linux-5.14.0-427.13.1.el9_4.x86_64-x86_64-with-glibc2.34,3.13.6,3.0.5,2,AMD EPYC 7542 32-Core Processor,1,1 x NVIDIA A100 80GB PCIe,13.7747,45.6482,21.3,machine,N,1.0
2025-09-25T20:32:47,routerllm_llm_inference,c2dd3ac3-0ac2-45b8-9315-1679120cd061,5b0fa12a-3dd7-45bb-9766-cc326314d9f1,1.5758576691150663,1.436531083360236e-05,9.115868212685283e-06,45.000000405,55.20163324558895,20.0,1.3381713143844665e-05,2.410890817827749e-05,5.946115818288592e-06,4.3436737140410746e-05,Italy,ITA,friuli venezia giulia,,,Linux-5.14.0-427.13.1.el9_4.x86_64-x86_64-with-glibc2.34,3.13.6,3.0.5,2,AMD EPYC 7542 32-Core Processor,1,1 x NVIDIA A100 80GB PCIe,13.7747,45.6482,21.3,machine,N,1.0
2025-09-25T20:32:52,routerllm_router_inference,58a82ac8-c72f-4023-b570-b1cd79b2d10e,5b0fa12a-3dd7-45bb-9766-cc326314d9f1,1.0148894377052784,5.971198314962096e-06,5.883594895285646e-06,45.000000405,31.44128398088252,20.0,6.381468951393339e-06,8.83889600800103e-06,2.8348915278911587e-06,1.8055256487285528e-05,Italy,ITA,friuli venezia giulia,,,Linux-5.14.0-427.13.1.el9_4.x86_64-x86_64-with-glibc2.34,3.13.6,3.0.5,2,AMD EPYC 7542 32-Core Processor,1,1 x NVIDIA A100 80GB PCIe,13.7747,45.6482,21.3,machine,N,1.0
2025-09-25T20:32:56,routerllm_model_loading,bb27efa0-571b-400f-903a-e0563fb2da3e,5b0fa12a-3dd7-45bb-9766-cc326314d9f1,1.0132367983460426,5.93486616178867e-06,5.8573338152310005e-06,45.000000405,31.438745481500906,20.0,6.330675362774728e-06,8.801951423720311e-06,2.81277129219638e-06,1.794539807869142e-05,Italy,ITA,friuli venezia giulia,,,Linux-5.14.0-427.13.1.el9_4.x86_64-x86_64-with-glibc2.34,3.13.6,3.0.5,2,AMD EPYC 7542 32-Core Processor,1,1 x NVIDIA A100 80GB PCIe,13.7747,45.6482,21.3,machine,N,1.0
2025-09-25T20:33:01,routerllm_llm_inference,e5ef99b6-fb97-41a6-a706-d59c873df0f7,5b0fa12a-3dd7-45bb-9766-cc326314d9f1,1.1172353252768517,9.35724062760461e-06,8.375353352961588e-06,45.000000405,56.169538395115936,20.0,7.600573704996598e-06,1.7316402761480276e-05,3.3767378992504542e-06,2.8293714365727327e-05,Italy,ITA,friuli venezia giulia,,,Linux-5.14.0-427.13.1.el9_4.x86_64-x86_64-with-glibc2.34,3.13.6,3.0.5,2,AMD EPYC 7542 32-Core Processor,1,1 x NVIDIA A100 80GB PCIe,13.7747,45.6482,21.3,machine,N,1.0
2025-09-25T20:33:06,routerllm_router_inference,3ca9fa87-3613-4df7-956b-76af39d2cc41,5b0fa12a-3dd7-45bb-9766-cc326314d9f1,1.015543796122074,6.006646240909934e-06,5.914709206876885e-06,45.000003240000005,31.778351472928662,20.0,6.385804008397007e-06,8.940007148794393e-06,2.8366300794813367e-06,1.816244123667273e-05,Italy,ITA,friuli venezia giulia,,,Linux-5.14.0-427.13.1.el9_4.x86_64-x86_64-with-glibc2.34,3.13.6,3.0.5,2,AMD EPYC 7542 32-Core Processor,1,1 x NVIDIA A100 80GB PCIe,13.7747,45.6482,21.3,machine,N,1.0
2025-09-25T20:33:10,routerllm_model_loading,dc0b5322-a8e2-4037-a6c5-425812025864,5b0fa12a-3dd7-45bb-9766-cc326314d9f1,1.010456122457981,5.93662333689935e-06,5.875191613920098e-06,45.000000405,31.50085370358139,20.0,6.3237895826912086e-06,8.81722928625095e-06,2.80969242254893e-06,1.795071129149109e-05,Italy,ITA,friuli venezia giulia,,,Linux-5.14.0-427.13.1.el9_4.x86_64-x86_64-with-glibc2.34,3.13.6,3.0.5,2,AMD EPYC 7542 32-Core Processor,1,1 x NVIDIA A100 80GB PCIe,13.7747,45.6482,21.3,machine,N,1.0
2025-09-25T20:33:15,routerllm_llm_inference,3b8cbd1c-edc7-451f-8254-fbd790ff4854,5b0fa12a-3dd7-45bb-9766-cc326314d9f1,1.1467838883399963,1.0079412923431152e-05,8.789287176000878e-06,45.000000405,59.831195156615294,20.0,7.981453162739222e-06,1.895001514640171e-05,3.545895860426956e-06,3.0477364169567887e-05,Italy,ITA,friuli venezia giulia,,,Linux-5.14.0-427.13.1.el9_4.x86_64-x86_64-with-glibc2.34,3.13.6,3.0.5,2,AMD EPYC 7542 32-Core Processor,1,1 x NVIDIA A100 80GB PCIe,13.7747,45.6482,21.3,machine,N,1.0
2025-09-25T20:33:51,routerllm_router_inference,a73541da-af0c-41c5-89f7-63b4469bf29f,5b0fa12a-3dd7-45bb-9766-cc326314d9f1,1.11896837875247,7.184842709887577e-06,6.420952411450543e-06,45.000000405,34.39625852899902,20.0,7.664673145924621e-06,1.065584189063884e-05,3.404467304547628e-06,2.1724982341111088e-05,Italy,ITA,friuli venezia giulia,,,Linux-5.14.0-427.13.1.el9_4.x86_64-x86_64-with-glibc2.34,3.13.6,3.0.5,2,AMD EPYC 7542 32-Core Processor,1,1 x NVIDIA A100 80GB PCIe,13.7747,45.6482,21.3,machine,N,1.0
2025-09-25T20:34:47,routerllm_model_loading,b08c83eb-0d49-40b6-8c01-724376e84f75,5b0fa12a-3dd7-45bb-9766-cc326314d9f1,52.72577113285661,0.0006101285847548,1.157173373941756e-05,45.00046539562501,64.45447022268776,20.0,0.0006337678504024,0.0009294282435803,0.000281664436,0.0018448605299829,Italy,ITA,friuli venezia giulia,,,Linux-5.14.0-427.13.1.el9_4.x86_64-x86_64-with-glibc2.34,3.13.6,3.0.5,2,AMD EPYC 7542 32-Core Processor,1,1 x NVIDIA A100 80GB PCIe,13.7747,45.6482,21.3,machine,N,1.0
2025-09-25T20:34:52,routerllm_llm_inference,afda8c0e-4f33-43ba-967c-3b483f46a319,5b0fa12a-3dd7-45bb-9766-cc326314d9f1,1.618998795747757,1.518968070662688e-05,9.382144536810056e-06,45.000003240000005,57.7186764018556,20.0,1.3891260068793838e-05,2.586557621953034e-05,6.1725679371092055e-06,4.5929404225433386e-05,Italy,ITA,friuli venezia giulia,,,Linux-5.14.0-427.13.1.el9_4.x86_64-x86_64-with-glibc2.34,3.13.6,3.0.5,2,AMD EPYC 7542 32-Core Processor,1,1 x NVIDIA A100 80GB PCIe,13.7747,45.6482,21.3,machine,N,1.0
2025-09-25T20:34:57,routerllm_router_inference,34baf1c0-6967-4608-8b7e-9a957d776873,5b0fa12a-3dd7-45bb-9766-cc326314d9f1,1.0156467258930206,5.996546188525262e-06,5.904165331949177e-06,45.000003240000005,31.69247279283975,20.0,6.384318222820617e-06,8.911396037092345e-06,2.8361872045530217e-06,1.8131901464465984e-05,Italy,ITA,friuli venezia giulia,,,Linux-5.14.0-427.13.1.el9_4.x86_64-x86_64-with-glibc2.34,3.13.6,3.0.5,2,AMD EPYC 7542 32-Core Processor,1,1 x NVIDIA A100 80GB PCIe,13.7747,45.6482,21.3,machine,N,1.0
2025-09-25T20:35:02,routerllm_model_loading,219ce70d-76df-4859-9e38-454612c5e009,5b0fa12a-3dd7-45bb-9766-cc326314d9f1,1.0105768665671349,5.945098117681432e-06,5.882875726095484e-06,45.000000405,31.63419853470717,20.0,6.318896087877236e-06,8.850007134242333e-06,2.8074334686001142e-06,1.7976336690719682e-05,Italy,ITA,friuli venezia giulia,,,Linux-5.14.0-427.13.1.el9_4.x86_64-x86_64-with-glibc2.34,3.13.6,3.0.5,2,AMD EPYC 7542 32-Core Processor,1,1 x NVIDIA A100 80GB PCIe,13.7747,45.6482,21.3,machine,N,1.0
2025-09-25T20:35:06,routerllm_llm_inference,58a07051-0cc1-41b3-a974-bdd6e1affd69,5b0fa12a-3dd7-45bb-9766-cc326314d9f1,1.1121560782194138,9.299937265260172e-06,8.362079250737519e-06,45.000003240000005,55.69650025370891,20.0,7.588896003265903e-06,1.716001372642495e-05,3.3715350760353937e-06,2.8120444805726247e-05,Italy,ITA,friuli venezia giulia,,,Linux-5.14.0-427.13.1.el9_4.x86_64-x86_64-with-glibc2.34,3.13.6,3.0.5,2,AMD EPYC 7542 32-Core Processor,1,1 x NVIDIA A100 80GB PCIe,13.7747,45.6482,21.3,machine,N,1.0
2025-09-25T20:35:11,routerllm_router_inference,f02a81bf-eb32-4caf-9970-933d462419e7,5b0fa12a-3dd7-45bb-9766-cc326314d9f1,1.0164375565946102,6.601829725793319e-06,6.495066699337196e-06,45.000000405,38.1438801843537,20.0,6.391417013262013e-06,1.073139742402418e-05,2.8392974701192644e-06,1.9962111907405458e-05,Italy,ITA,friuli venezia giulia,,,Linux-5.14.0-427.13.1.el9_4.x86_64-x86_64-with-glibc2.34,3.13.6,3.0.5,2,AMD EPYC 7542 32-Core Processor,1,1 x NVIDIA A100 80GB PCIe,13.7747,45.6482,21.3,machine,N,1.0
2025-09-25T20:35:16,routerllm_model_loading,e156eaad-49ed-404d-b2bb-0be2e96d870e,5b0fa12a-3dd7-45bb-9766-cc326314d9f1,1.0100129134953022,5.945664933561562e-06,5.886721698424321e-06,45.000000405,31.623784871430555,20.0,6.321599950166323e-06,8.84778484078197e-06,2.8086657946308457e-06,1.7978050585579138e-05,Italy,ITA,friuli venezia giulia,,,Linux-5.14.0-427.13.1.el9_4.x86_64-x86_64-with-glibc2.34,3.13.6,3.0.5,2,AMD EPYC 7542 32-Core Processor,1,1 x NVIDIA A100 80GB PCIe,13.7747,45.6482,21.3,machine,N,1.0
2025-09-25T20:35:20,routerllm_llm_inference,9b80498e-e7e0-4985-834f-f75a6eca51a9,5b0fa12a-3dd7-45bb-9766-cc326314d9f1,1.1454694122076037,1.0094184944947058e-05,8.812269308434051e-06,45.000003240000005,59.70997332896956,20.0,8.01131457029839e-06,1.895140405849816e-05,3.559312058819665e-06,3.052203068761621e-05,Italy,ITA,friuli venezia giulia,,,Linux-5.14.0-427.13.1.el9_4.x86_64-x86_64-with-glibc2.34,3.13.6,3.0.5,2,AMD EPYC 7542 32-Core Processor,1,1 x NVIDIA A100 80GB PCIe,13.7747,45.6482,21.3,machine,N,1.0
2025-09-25T20:37:17,routerllm_router_inference,5b3bf35f-020c-438d-b021-afe05f695404,5b0fa12a-3dd7-45bb-9766-cc326314d9f1,1.1233656629920006,7.193736477014298e-06,6.403735412255986e-06,45.000000405,34.2032755555954,20.0,7.703198468723537e-06,1.06269529283054e-05,3.4217232424351903e-06,2.175187463946413e-05,Italy,ITA,friuli venezia giulia,,,Linux-5.14.0-427.13.1.el9_4.x86_64-x86_64-with-glibc2.34,3.13.6,3.0.5,2,AMD EPYC 7542 32-Core Processor,1,1 x NVIDIA A100 80GB PCIe,13.7747,45.6482,21.3,machine,N,1.0
2025-09-25T20:38:29,routerllm_model_loading,faf9cf5b-6b61-407e-ab78-09b5c4fe9ed7,5b0fa12a-3dd7-45bb-9766-cc326314d9f1,68.42381143197417,0.0007924722046323,1.158181907799994e-05,45.0008451,64.37332407496673,20.0,0.0008237190111993,0.0012064154095696,0.0003660829143391,0.0023962173351081,Italy,ITA,friuli venezia giulia,,,Linux-5.14.0-427.13.1.el9_4.x86_64-x86_64-with-glibc2.34,3.13.6,3.0.5,2,AMD EPYC 7542 32-Core Processor,1,1 x NVIDIA A100 80GB PCIe,13.7747,45.6482,21.3,machine,N,1.0
2025-09-25T20:38:34,routerllm_llm_inference,80c60b6a-63cc-490d-a318-f091d7bc15cd,5b0fa12a-3dd7-45bb-9766-cc326314d9f1,1.5865261815488338,1.511435073541598e-05,9.526694807305804e-06,45.000000405,59.53661716110827,20.0,1.351380677017668e-05,2.618279876287488e-05,6.005021639996105e-06,4.570162717304767e-05,Italy,ITA,friuli venezia giulia,,,Linux-5.14.0-427.13.1.el9_4.x86_64-x86_64-with-glibc2.34,3.13.6,3.0.5,2,AMD EPYC 7542 32-Core Processor,1,1 x NVIDIA A100 80GB PCIe,13.7747,45.6482,21.3,machine,N,1.0
2025-09-25T20:38:39,routerllm_router_inference,c05fb2fc-e8b0-4e39-ab35-cd333e50bd47,5b0fa12a-3dd7-45bb-9766-cc326314d9f1,1.0178042873740196,6.592703772085407e-06,6.477378660975064e-06,45.000003240000005,37.85059207124076,20.0,6.413677517173437e-06,1.0671675170215169e-05,2.8491648534933726e-06,1.993451754088198e-05,Italy,ITA,friuli venezia giulia,,,Linux-5.14.0-427.13.1.el9_4.x86_64-x86_64-with-glibc2.34,3.13.6,3.0.5,2,AMD EPYC 7542 32-Core Processor,1,1 x NVIDIA A100 80GB PCIe,13.7747,45.6482,21.3,machine,N,1.0
2025-09-25T20:38:44,routerllm_model_loading,100df066-4780-4e41-8d67-f22fa940c154,5b0fa12a-3dd7-45bb-9766-cc326314d9f1,1.0109869837760923,5.950505770477316e-06,5.885838162081817e-06,45.000000405,31.662862862379107,20.0,6.323127365768567e-06,8.860007085331745e-06,2.809553489916854e-06,1.7992687941017168e-05,Italy,ITA,friuli venezia giulia,,,Linux-5.14.0-427.13.1.el9_4.x86_64-x86_64-with-glibc2.34,3.13.6,3.0.5,2,AMD EPYC 7542 32-Core Processor,1,1 x NVIDIA A100 80GB PCIe,13.7747,45.6482,21.3,machine,N,1.0
2025-09-25T20:38:48,routerllm_llm_inference,a31bcf45-6ee9-4e77-95f4-ccc22d589c23,5b0fa12a-3dd7-45bb-9766-cc326314d9f1,1.1144348084926603,9.384977681489685e-06,8.4212890785271e-06,45.000000405,56.32188982059081,20.0,7.61304099445228e-06,1.738251393135215e-05,3.382028639316559e-06,2.837758356512099e-05,Italy,ITA,friuli venezia giulia,,,Linux-5.14.0-427.13.1.el9_4.x86_64-x86_64-with-glibc2.34,3.13.6,3.0.5,2,AMD EPYC 7542 32-Core Processor,1,1 x NVIDIA A100 80GB PCIe,13.7747,45.6482,21.3,machine,N,1.0
2025-09-25T20:38:53,routerllm_router_inference,5d99e61f-cad0-4040-ace9-526025391dd0,5b0fa12a-3dd7-45bb-9766-cc326314d9f1,1.0164863429963589,6.017141934050189e-06,5.919550199083927e-06,45.000000405,31.867099773430773,20.0,6.390335980573799e-06,8.965007168626471e-06,2.838834168182479e-06,1.819417731738275e-05,Italy,ITA,friuli venezia giulia,,,Linux-5.14.0-427.13.1.el9_4.x86_64-x86_64-with-glibc2.34,3.13.6,3.0.5,2,AMD EPYC 7542 32-Core Processor,1,1 x NVIDIA A100 80GB PCIe,13.7747,45.6482,21.3,machine,N,1.0
2025-09-25T20:38:58,routerllm_model_loading,344900c3-234a-45c2-9b9a-f09772898435,5b0fa12a-3dd7-45bb-9766-cc326314d9f1,1.0126450695097446,5.962450474823023e-06,5.88799635168287e-06,45.000000405,31.64565174627221,20.0,6.3422579889088205e-06,8.86861823801155e-06,2.817929204967287e-06,1.802880543188766e-05,Italy,ITA,friuli venezia giulia,,,Linux-5.14.0-427.13.1.el9_4.x86_64-x86_64-with-glibc2.34,3.13.6,3.0.5,2,AMD EPYC 7542 32-Core Processor,1,1 x NVIDIA A100 80GB PCIe,13.7747,45.6482,21.3,machine,N,1.0
2025-09-25T20:39:03,routerllm_llm_inference,0d7f699a-e36b-4809-9d83-65aa7c14f0af,5b0fa12a-3dd7-45bb-9766-cc326314d9f1,1.1451760716736317,1.0609240692898012e-05,9.264287785364747e-06,45.000000405,64.68411501833369,20.0,8.003708838806722e-06,2.0519738598068216e-05,3.555969749059942e-06,3.207941718593488e-05,Italy,ITA,friuli venezia giulia,,,Linux-5.14.0-427.13.1.el9_4.x86_64-x86_64-with-glibc2.34,3.13.6,3.0.5,2,AMD EPYC 7542 32-Core Processor,1,1 x NVIDIA A100 80GB PCIe,13.7747,45.6482,21.3,machine,N,1.0
2025-09-25T20:59:53,routerllm_router_inference,089c6dd0-ac9a-4bf2-a8df-33360a1f9e29,5b0fa12a-3dd7-45bb-9766-cc326314d9f1,1.129449442028999,7.1046418522058336e-06,6.290358459465614e-06,45.000003240000005,32.862755309900734,20.0,7.773105381926669e-06,1.025695263479065e-05,3.452419055004915e-06,2.148247707172224e-05,Italy,ITA,friuli venezia giulia,,,Linux-5.14.0-427.13.1.el9_4.x86_64-x86_64-with-glibc2.34,3.13.6,3.0.5,2,AMD EPYC 7542 32-Core Processor,1,1 x NVIDIA A100 80GB PCIe,13.7747,45.6482,21.3,machine,N,1.0
2025-09-25T21:01:09,routerllm_model_loading,990b5923-02f1-414f-91ea-5d673e308287,5b0fa12a-3dd7-45bb-9766-cc326314d9f1,72.37986932694912,0.0008258916521204,1.141051593212678e-05,45.00090916269231,62.15944093685144,20.0,0.0008731501978476,0.0012360665443793,0.000388051782983,0.00249726852521,Italy,ITA,friuli venezia giulia,,,Linux-5.14.0-427.13.1.el9_4.x86_64-x86_64-with-glibc2.34,3.13.6,3.0.5,2,AMD EPYC 7542 32-Core Processor,1,1 x NVIDIA A100 80GB PCIe,13.7747,45.6482,21.3,machine,N,1.0
2025-09-25T21:01:19,routerllm_llm_inference,49f311fc-76d5-4e9c-a1bd-a59305710291,5b0fa12a-3dd7-45bb-9766-cc326314d9f1,6.898655392229557,0.0001002840009403,1.4536745965495562e-05,45.00047655,98.05014031277156,20.0,7.991822085766609e-05,0.0001877954279621,3.551750563912921e-05,0.0003032311544588,Italy,ITA,friuli venezia giulia,,,Linux-5.14.0-427.13.1.el9_4.x86_64-x86_64-with-glibc2.34,3.13.6,3.0.5,2,AMD EPYC 7542 32-Core Processor,1,1 x NVIDIA A100 80GB PCIe,13.7747,45.6482,21.3,machine,N,1.0
2025-09-25T21:01:24,routerllm_router_inference,8c21b8bf-ead9-4dd6-bc60-7ebe8e0d6a29,5b0fa12a-3dd7-45bb-9766-cc326314d9f1,1.016834281384945,5.93256195124589e-06,5.8343449467160405e-06,45.000003240000005,30.92501384827898,20.0,6.394277042092531e-06,8.703618107119837e-06,2.8405356324381297e-06,1.7938430781650497e-05,Italy,ITA,friuli venezia giulia,,,Linux-5.14.0-427.13.1.el9_4.x86_64-x86_64-with-glibc2.34,3.13.6,3.0.5,2,AMD EPYC 7542 32-Core Processor,1,1 x NVIDIA A100 80GB PCIe,13.7747,45.6482,21.3,machine,N,1.0
2025-09-25T21:01:29,routerllm_model_loading,3fdb5ed9-0767-4425-ac7f-dec59b5d276c,5b0fa12a-3dd7-45bb-9766-cc326314d9f1,1.0109956040978432,5.885420468733624e-06,5.82141054311057e-06,45.000000405,30.893246735670203,20.0,6.331221862866431e-06,8.651673567783291e-06,2.8129925123519366e-06,1.779588794300166e-05,Italy,ITA,friuli venezia giulia,,,Linux-5.14.0-427.13.1.el9_4.x86_64-x86_64-with-glibc2.34,3.13.6,3.0.5,2,AMD EPYC 7542 32-Core Processor,1,1 x NVIDIA A100 80GB PCIe,13.7747,45.6482,21.3,machine,N,1.0
2025-09-25T21:01:36,routerllm_llm_inference,feb8afd9-8dd4-476e-8c8a-7d30389e2b1f,5b0fa12a-3dd7-45bb-9766-cc326314d9f1,3.6816463209688655,5.104306857226701e-05,1.386419664527538e-05,45.00047736,95.0504339232061,20.0,3.966938670684444e-05,9.704146651756672e-05,1.7629305376774737e-05,0.0001543401586011,Italy,ITA,friuli venezia giulia,,,Linux-5.14.0-427.13.1.el9_4.x86_64-x86_64-with-glibc2.34,3.13.6,3.0.5,2,AMD EPYC 7542 32-Core Processor,1,1 x NVIDIA A100 80GB PCIe,13.7747,45.6482,21.3,machine,N,1.0
2025-09-25T21:01:41,routerllm_router_inference,ff78b774-db44-40b8-8df9-2f7bc143cc61,5b0fa12a-3dd7-45bb-9766-cc326314d9f1,1.0159909464418888,5.958720135578589e-06,5.864934285533427e-06,45.000000405,31.28632407263488,20.0,6.383620911919743e-06,8.798062594905787e-06,2.8358424082398417e-06,1.801752591506537e-05,Italy,ITA,friuli venezia giulia,,,Linux-5.14.0-427.13.1.el9_4.x86_64-x86_64-with-glibc2.34,3.13.6,3.0.5,2,AMD EPYC 7542 32-Core Processor,1,1 x NVIDIA A100 80GB PCIe,13.7747,45.6482,21.3,machine,N,1.0
2025-09-25T21:01:46,routerllm_model_loading,5527cf13-e852-4054-a9a6-2c83a38eda6c,5b0fa12a-3dd7-45bb-9766-cc326314d9f1,1.0106245465576649,5.883483585546644e-06,5.8216313917830815e-06,45.000000405,30.961524422197023,20.0,6.3196921358550524e-06,8.662229163292068e-06,2.808110043406487e-06,1.7790031342553608e-05,Italy,ITA,friuli venezia giulia,,,Linux-5.14.0-427.13.1.el9_4.x86_64-x86_64-with-glibc2.34,3.13.6,3.0.5,2,AMD EPYC 7542 32-Core Processor,1,1 x NVIDIA A100 80GB PCIe,13.7747,45.6482,21.3,machine,N,1.0
2025-09-25T21:02:03,routerllm_llm_inference,6aaf9cce-24bc-4317-a206-5d2d80054c60,5b0fa12a-3dd7-45bb-9766-cc326314d9f1,13.219673320651054,0.0002100133098056,1.5886422055347e-05,45.00046026692308,110.44761481463958,20.0,0.000158926600569,0.0004054639355217,7.063177840577232e-05,0.0006350223144965,Italy,ITA,friuli venezia giulia,,,Linux-5.14.0-427.13.1.el9_4.x86_64-x86_64-with-glibc2.34,3.13.6,3.0.5,2,AMD EPYC 7542 32-Core Processor,1,1 x NVIDIA A100 80GB PCIe,13.7747,45.6482,21.3,machine,N,1.0
2025-09-26T11:02:48,routerllm_router_inference,de68132f-224a-42b1-8823-831e3647c60a,5b0fa12a-3dd7-45bb-9766-cc326314d9f1,1.174806896597147,7.5236763975235e-06,6.404181333388481e-06,45.000000405,32.80192888225213,20.0,8.364540460363229e-06,1.0669452933598222e-05,3.715528547763825e-06,2.2749521941725275e-05,Italy,ITA,friuli venezia giulia,,,Linux-5.14.0-427.13.1.el9_4.x86_64-x86_64-with-glibc2.34,3.13.6,3.0.5,2,AMD EPYC 7542 32-Core Processor,1,1 x NVIDIA A100 80GB PCIe,13.7747,45.6482,21.3,machine,N,1.0
2025-09-26T11:03:19,routerllm_model_loading,41ea20de-4faf-4cba-9b5a-8f5a69bbfbdb,5b0fa12a-3dd7-45bb-9766-cc326314d9f1,26.741891019046307,0.0003098318095048,1.158600972848912e-05,45.00046899,65.95088920228454,20.0,0.0003216406325176,0.0004722592667008,0.0001429460223971,0.0009368459216155,Italy,ITA,friuli venezia giulia,,,Linux-5.14.0-427.13.1.el9_4.x86_64-x86_64-with-glibc2.34,3.13.6,3.0.5,2,AMD EPYC 7542 32-Core Processor,1,1 x NVIDIA A100 80GB PCIe,13.7747,45.6482,21.3,machine,N,1.0
2025-09-26T11:03:29,routerllm_llm_inference,12ab1fa3-020a-48cd-9a6e-97c0ce19a5e4,5b0fa12a-3dd7-45bb-9766-cc326314d9f1,6.748693216592073,9.86368825657082e-05,1.4615701055013647e-05,45.0003822525,99.02397514445684,20.0,7.803979235430237e-05,0.0001855282039855,3.468272652890947e-05,0.0002982507228687,Italy,ITA,friuli venezia giulia,,,Linux-5.14.0-427.13.1.el9_4.x86_64-x86_64-with-glibc2.34,3.13.6,3.0.5,2,AMD EPYC 7542 32-Core Processor,1,1 x NVIDIA A100 80GB PCIe,13.7747,45.6482,21.3,machine,N,1.0
2025-09-26T11:03:34,routerllm_router_inference,5675a43d-4e9a-4533-aa75-3de037f73afb,5b0fa12a-3dd7-45bb-9766-cc326314d9f1,1.0159180015325546,5.928055069533048e-06,5.835170811611105e-06,45.000003240000005,30.88719378017243,20.0,6.392923411198995e-06,8.691951393302588e-06,2.839928410119481e-06,1.7924803214621062e-05,Italy,ITA,friuli venezia giulia,,,Linux-5.14.0-427.13.1.el9_4.x86_64-x86_64-with-glibc2.34,3.13.6,3.0.5,2,AMD EPYC 7542 32-Core Processor,1,1 x NVIDIA A100 80GB PCIe,13.7747,45.6482,21.3,machine,N,1.0
2025-09-26T11:03:39,routerllm_model_loading,a355076d-f8c2-41de-9083-67667c0a7876,5b0fa12a-3dd7-45bb-9766-cc326314d9f1,1.0097659155726433,5.871400687910829e-06,5.814615642459201e-06,45.000000405,30.843954179897285,20.0,6.318529798705342e-06,8.627229135527159e-06,2.807737059063381e-06,1.7753495993295884e-05,Italy,ITA,friuli venezia giulia,,,Linux-5.14.0-427.13.1.el9_4.x86_64-x86_64-with-glibc2.34,3.13.6,3.0.5,2,AMD EPYC 7542 32-Core Processor,1,1 x NVIDIA A100 80GB PCIe,13.7747,45.6482,21.3,machine,N,1.0
2025-09-26T11:03:46,routerllm_llm_inference,d5576037-c2e0-469a-8344-a4d42b52c577,5b0fa12a-3dd7-45bb-9766-cc326314d9f1,3.626949414610863,5.015831265785177e-05,1.3829338908282866e-05,45.000270135,94.6603706180129,20.0,3.902874911670745e-05,9.529146507247788e-05,1.7344686595929995e-05,0.0001516649007851,Italy,ITA,friuli venezia giulia,,,Linux-5.14.0-427.13.1.el9_4.x86_64-x86_64-with-glibc2.34,3.13.6,3.0.5,2,AMD EPYC 7542 32-Core Processor,1,1 x NVIDIA A100 80GB PCIe,13.7747,45.6482,21.3,machine,N,1.0
2025-09-26T11:07:29,routerllm_router_inference,2a97d9cb-eeec-47bc-93ce-7628de8ce781,5b0fa12a-3dd7-45bb-9766-cc326314d9f1,1.1299089267849922,7.228653393424057e-06,6.397554017023516e-06,45.000000405,33.76074611667713,20.0,7.816409715949794e-06,1.0568897323537383e-05,3.472146723005507e-06,2.185745376249269e-05,Italy,ITA,friuli venezia giulia,,,Linux-5.14.0-427.13.1.el9_4.x86_64-x86_64-with-glibc2.34,3.13.6,3.0.5,2,AMD EPYC 7542 32-Core Processor,1,1 x NVIDIA A100 80GB PCIe,13.7747,45.6482,21.3,machine,N,1.0
2025-09-26T11:07:48,routerllm_model_loading,1decd169-9d53-4155-a66f-8ad9e686d15d,5b0fa12a-3dd7-45bb-9766-cc326314d9f1,15.271943110972645,0.0001777832341579,1.1641166606378336e-05,45.00034558071429,63.89678466742514,20.0,0.0001845665446029,0.000270973272336,8.202763980047571e-05,0.0005375674567394,Italy,ITA,friuli venezia giulia,,,Linux-5.14.0-427.13.1.el9_4.x86_64-x86_64-with-glibc2.34,3.13.6,3.0.5,2,AMD EPYC 7542 32-Core Processor,1,1 x NVIDIA A100 80GB PCIe,13.7747,45.6482,21.3,machine,N,1.0
2025-09-26T11:07:58,routerllm_llm_inference,066dd2f9-9dd7-4b07-bafc-70f1638c12ec,5b0fa12a-3dd7-45bb-9766-cc326314d9f1,6.803651951253414,0.0001017654042528,1.4957467692638628e-05,45.00033804,102.69835554560302,20.0,7.873053497790975e-05,0.0001939901551963,3.4989819241066776e-05,0.0003077105094153,Italy,ITA,friuli venezia giulia,,,Linux-5.14.0-427.13.1.el9_4.x86_64-x86_64-with-glibc2.34,3.13.6,3.0.5,2,AMD EPYC 7542 32-Core Processor,1,1 x NVIDIA A100 80GB PCIe,13.7747,45.6482,21.3,machine,N,1.0
2025-09-26T11:08:03,routerllm_router_inference,f2c8c899-7efe-47e2-88ef-a0d95be14ecd,5b0fa12a-3dd7-45bb-9766-cc326314d9f1,1.0160236842930317,6.002504141179757e-06,5.907838797435526e-06,45.000000405,31.663111238498903,20.0,6.396802199833679e-06,8.911396037092345e-06,2.841718432803949e-06,1.814991666972997e-05,Italy,ITA,friuli venezia giulia,,,Linux-5.14.0-427.13.1.el9_4.x86_64-x86_64-with-glibc2.34,3.13.6,3.0.5,2,AMD EPYC 7542 32-Core Processor,1,1 x NVIDIA A100 80GB PCIe,13.7747,45.6482,21.3,machine,N,1.0
2025-09-26T11:08:08,routerllm_model_loading,4431c0a8-b720-442b-a72c-5e0013d6a071,5b0fa12a-3dd7-45bb-9766-cc326314d9f1,1.0096821375191212,5.949458413957615e-06,5.892407316005376e-06,45.000000405,31.72381455342227,20.0,6.313188198030561e-06,8.87139600536102e-06,2.8049368204341994e-06,1.7989521023825782e-05,Italy,ITA,friuli venezia giulia,,,Linux-5.14.0-427.13.1.el9_4.x86_64-x86_64-with-glibc2.34,3.13.6,3.0.5,2,AMD EPYC 7542 32-Core Processor,1,1 x NVIDIA A100 80GB PCIe,13.7747,45.6482,21.3,machine,N,1.0
2025-09-26T11:08:15,routerllm_llm_inference,c9299d22-7be9-44ac-aefa-c5d21eceee6b,5b0fa12a-3dd7-45bb-9766-cc326314d9f1,3.662402164191008,5.142541049456889e-05,1.4041442798767106e-05,45.000270135,96.90976518960204,20.0,3.9463338410682186e-05,9.84950787596972e-05,1.7537837930851514e-05,0.0001554962551012,Italy,ITA,friuli venezia giulia,,,Linux-5.14.0-427.13.1.el9_4.x86_64-x86_64-with-glibc2.34,3.13.6,3.0.5,2,AMD EPYC 7542 32-Core Processor,1,1 x NVIDIA A100 80GB PCIe,13.7747,45.6482,21.3,machine,N,1.0
2025-09-26T11:17:31,routerllm_router_inference,b037d3e1-f590-427a-8733-356cbee992c1,5b0fa12a-3dd7-45bb-9766-cc326314d9f1,1.1219030804932115,7.741153923635178e-06,6.900020205160687e-06,45.000003240000005,39.64983475580825,20.0,7.689906791320187e-06,1.2301398783165496e-05,3.415808412763808e-06,2.340711398724949e-05,Italy,ITA,friuli venezia giulia,,,Linux-5.14.0-427.13.1.el9_4.x86_64-x86_64-with-glibc2.34,3.13.6,3.0.5,2,AMD EPYC 7542 32-Core Processor,1,1 x NVIDIA A100 80GB PCIe,13.7747,45.6482,21.3,machine,N,1.0
2025-09-26T11:17:54,routerllm_model_loading,751317d6-9b20-4943-8d1e-ee7be52e4668,5b0fa12a-3dd7-45bb-9766-cc326314d9f1,19.231745082885027,0.0002206386299922,1.1472626589075426e-05,45.000242595,65.4873461022236,20.0,0.0002277306711879,0.0003382091594517,0.0001012105209959,0.0006671503516356,Italy,ITA,friuli venezia giulia,,,Linux-5.14.0-427.13.1.el9_4.x86_64-x86_64-with-glibc2.34,3.13.6,3.0.5,2,AMD EPYC 7542 32-Core Processor,1,1 x NVIDIA A100 80GB PCIe,13.7747,45.6482,21.3,machine,N,1.0
2025-09-26T11:18:05,routerllm_llm_inference,a65bc432-b60a-472e-8365-49dd31de2e92,5b0fa12a-3dd7-45bb-9766-cc326314d9f1,6.976362194865942,0.0001041987593031,1.4935973275567306e-05,45.000404595,102.3590982220697,20.0,8.08792468181429e-05,0.0001982443253041,3.594473169909583e-05,0.0003150683038213,Italy,ITA,friuli venezia giulia,,,Linux-5.14.0-427.13.1.el9_4.x86_64-x86_64-with-glibc2.34,3.13.6,3.0.5,2,AMD EPYC 7542 32-Core Processor,1,1 x NVIDIA A100 80GB PCIe,13.7747,45.6482,21.3,machine,N,1.0
2025-09-26T11:24:23,routerllm_router_inference,0d1686fd-a4a6-4e9b-be72-dbd285e9061c,5b0fa12a-3dd7-45bb-9766-cc326314d9f1,1.1398986466228962,7.313290912890358e-06,6.415737868061314e-06,45.0,33.776764159037455,20.0,7.930085249245167e-06,1.0660841837761836e-05,3.522447186211745e-06,2.2113374273218747e-05,Italy,ITA,friuli venezia giulia,,,Linux-5.14.0-427.13.1.el9_4.x86_64-x86_64-with-glibc2.34,3.13.6,3.0.5,2,AMD EPYC 7542 32-Core Processor,1,1 x NVIDIA A100 80GB PCIe,13.7747,45.6482,21.3,machine,N,1.0
2025-09-26T11:24:41,routerllm_model_loading,9c4bb414-8145-4120-a4d4-d3cbacced977,5b0fa12a-3dd7-45bb-9766-cc326314d9f1,14.823783300817013,0.0001722954339307,1.1622905599358598e-05,45.00017108357143,63.75030121922129,20.0,0.000178986206471,0.0002624396544206,7.954800182746516e-05,0.0005209738627191,Italy,ITA,friuli venezia giulia,,,Linux-5.14.0-427.13.1.el9_4.x86_64-x86_64-with-glibc2.34,3.13.6,3.0.5,2,AMD EPYC 7542 32-Core Processor,1,1 x NVIDIA A100 80GB PCIe,13.7747,45.6482,21.3,machine,N,1.0
2025-09-26T11:24:51,routerllm_llm_inference,f5c6f819-55cc-4ff6-b9f3-f59b42b7bc7d,5b0fa12a-3dd7-45bb-9766-cc326314d9f1,6.145198050886393,9.383822903473992e-05,1.527017164584379e-05,45.000138780000015,106.60916025772936,20.0,7.050856285051443e-05,0.0001818959788693,3.1336376629769804e-05,0.0002837409183495,Italy,ITA,friuli venezia giulia,,,Linux-5.14.0-427.13.1.el9_4.x86_64-x86_64-with-glibc2.34,3.13.6,3.0.5,2,AMD EPYC 7542 32-Core Processor,1,1 x NVIDIA A100 80GB PCIe,13.7747,45.6482,21.3,machine,N,1.0
2025-09-26T11:24:56,routerllm_router_inference,a6b60ccf-fbc2-4332-991c-08dd500b73e6,5b0fa12a-3dd7-45bb-9766-cc326314d9f1,1.014719896018505,5.9887020966202525e-06,5.901827805011363e-06,45.0,31.70674177501892,20.0,6.371022295206785e-06,8.906673826913902e-06,2.8304869722988874e-06,1.8108183094419573e-05,Italy,ITA,friuli venezia giulia,,,Linux-5.14.0-427.13.1.el9_4.x86_64-x86_64-with-glibc2.34,3.13.6,3.0.5,2,AMD EPYC 7542 32-Core Processor,1,1 x NVIDIA A100 80GB PCIe,13.7747,45.6482,21.3,machine,N,1.0
2025-09-26T11:25:00,routerllm_model_loading,c531b38c-7e9d-45c0-944c-afd8d27ed26d,5b0fa12a-3dd7-45bb-9766-cc326314d9f1,1.009949866682291,6.538762767835922e-06,6.474343909085221e-06,45.0,38.03306226179274,20.0,6.320997281000018e-06,1.0641952997048064e-05,2.8084645461705e-06,1.9771414824218582e-05,Italy,ITA,friuli venezia giulia,,,Linux-5.14.0-427.13.1.el9_4.x86_64-x86_64-with-glibc2.34,3.13.6,3.0.5,2,AMD EPYC 7542 32-Core Processor,1,1 x NVIDIA A100 80GB PCIe,13.7747,45.6482,21.3,machine,N,1.0
2025-09-26T11:25:07,routerllm_llm_inference,70900b72-46f7-453f-a84a-20aa1605bb92,5b0fa12a-3dd7-45bb-9766-cc326314d9f1,3.3617180585861206,4.75004272878057e-05,1.4129806979644076e-05,45.00009828,98.64631802889554,20.0,3.571538576321586e-05,9.204035143284273e-05,1.5872451435360644e-05,0.0001436281886314,Italy,ITA,friuli venezia giulia,,,Linux-5.14.0-427.13.1.el9_4.x86_64-x86_64-with-glibc2.34,3.13.6,3.0.5,2,AMD EPYC 7542 32-Core Processor,1,1 x NVIDIA A100 80GB PCIe,13.7747,45.6482,21.3,machine,N,1.0
2025-09-26T11:25:12,routerllm_router_inference,67c583b2-6272-49b6-91cd-74bb1954d524,5b0fa12a-3dd7-45bb-9766-cc326314d9f1,1.0179843045771122,5.975858312396261e-06,5.870285313366136e-06,45.0,31.42191854765431,20.0,6.390390265733003e-06,8.840007012622664e-06,2.838949755662017e-06,1.8069347034017685e-05,Italy,ITA,friuli venezia giulia,,,Linux-5.14.0-427.13.1.el9_4.x86_64-x86_64-with-glibc2.34,3.13.6,3.0.5,2,AMD EPYC 7542 32-Core Processor,1,1 x NVIDIA A100 80GB PCIe,13.7747,45.6482,21.3,machine,N,1.0
2025-09-26T11:25:17,routerllm_model_loading,b0492faf-c240-4c52-8ce6-cd6cedc0ff6f,5b0fa12a-3dd7-45bb-9766-cc326314d9f1,1.0104067921638489,5.896693172136588e-06,5.835959553981673e-06,45.0,31.054418310675924,20.0,6.326664518564939e-06,8.692229187090561e-06,2.8110797827442487e-06,1.782997348839975e-05,Italy,ITA,friuli venezia giulia,,,Linux-5.14.0-427.13.1.el9_4.x86_64-x86_64-with-glibc2.34,3.13.6,3.0.5,2,AMD EPYC 7542 32-Core Processor,1,1 x NVIDIA A100 80GB PCIe,13.7747,45.6482,21.3,machine,N,1.0
2025-09-26T11:25:32,routerllm_llm_inference,253b371f-2450-440f-8993-a2d0dcaeecd0,5b0fa12a-3dd7-45bb-9766-cc326314d9f1,11.818698968738316,0.0001938859187621,1.640501372232301e-05,45.00018850909091,116.37939713699896,20.0,0.0001414271940357,0.0003819753056291,6.285503322465552e-05,0.0005862575328895,Italy,ITA,friuli venezia giulia,,,Linux-5.14.0-427.13.1.el9_4.x86_64-x86_64-with-glibc2.34,3.13.6,3.0.5,2,AMD EPYC 7542 32-Core Processor,1,1 x NVIDIA A100 80GB PCIe,13.7747,45.6482,21.3,machine,N,1.0
2025-09-26T11:32:21,routerllm_router_inference,c768758b-c5d9-4648-adfc-26f3ee274263,5b0fa12a-3dd7-45bb-9766-cc326314d9f1,1.171230524778366,8.092978846660307e-06,6.909808680226939e-06,45.0,38.31043804858162,20.0,8.333637099713087e-06,1.2435287771950245e-05,3.70201062824991e-06,2.447093549991324e-05,Italy,ITA,friuli venezia giulia,,,Linux-5.14.0-427.13.1.el9_4.x86_64-x86_64-with-glibc2.34,3.13.6,3.0.5,2,AMD EPYC 7542 32-Core Processor,1,1 x NVIDIA A100 80GB PCIe,13.7747,45.6482,21.3,machine,N,1.0
2025-09-26T11:32:54,routerllm_model_loading,94c159f6-f15d-408e-b720-37ffa5653a1d,5b0fa12a-3dd7-45bb-9766-cc326314d9f1,29.45325170457363,0.0003420835017829,1.161445619703172e-05,45.00028269,65.95861849515579,20.0,0.0003555519188607,0.0005207954166621,0.0001580188065767,0.0010343661420996,Italy,ITA,friuli venezia giulia,,,Linux-5.14.0-427.13.1.el9_4.x86_64-x86_64-with-glibc2.34,3.13.6,3.0.5,2,AMD EPYC 7542 32-Core Processor,1,1 x NVIDIA A100 80GB PCIe,13.7747,45.6482,21.3,machine,N,1.0
2025-09-26T11:33:04,routerllm_llm_inference,320896d7-d29b-40eb-9c13-1f358fd32018,5b0fa12a-3dd7-45bb-9766-cc326314d9f1,6.2072619795799255,9.501529415067268e-05,1.530711841440641e-05,45.0001400625,106.95802761809156,20.0,7.128405974443404e-05,0.0001843354252173,3.168055359274149e-05,0.0002873000385545,Italy,ITA,friuli venezia giulia,,,Linux-5.14.0-427.13.1.el9_4.x86_64-x86_64-with-glibc2.34,3.13.6,3.0.5,2,AMD EPYC 7542 32-Core Processor,1,1 x NVIDIA A100 80GB PCIe,13.7747,45.6482,21.3,machine,N,1.0
2025-09-26T11:49:40,routerllm_router_inference,f04123cc-0035-4cc2-8c0b-21c91b9ff840,5b0fa12a-3dd7-45bb-9766-cc326314d9f1,1.0132973864674568,4.9933722261172575e-06,4.927844769762095e-06,45.000000405,21.195387540296743,20.0,6.340537463568992e-06,5.941393624198099e-06,2.816649050348335e-06,1.5098580138115426e-05,Italy,ITA,friuli venezia giulia,,,Linux-5.14.0-427.13.1.el9_4.x86_64-x86_64-with-glibc2.34,3.13.6,3.0.5,2,AMD EPYC 7542 32-Core Processor,1,1 x NVIDIA A100 80GB PCIe,13.7747,45.6482,21.3,machine,N,1.0
2025-09-26T11:50:13,routerllm_model_loading,47c85258-7ada-4ea1-acf7-8c699c4bff45,5b0fa12a-3dd7-45bb-9766-cc326314d9f1,29.65584702044725,0.0003396627040165,1.1453481796771856e-05,45.000449253000006,65.5355422127099,20.0,0.0003580308691244,0.0005098959634892,0.0001591194848426,0.0010270463174563,Italy,ITA,friuli venezia giulia,,,Linux-5.14.0-427.13.1.el9_4.x86_64-x86_64-with-glibc2.34,3.13.6,3.0.5,2,AMD EPYC 7542 32-Core Processor,1,1 x NVIDIA A100 80GB PCIe,13.7747,45.6482,21.3,machine,N,1.0
2025-09-26T11:57:17,routerllm_router_inference,de1660f8-daf1-4989-b8d5-f427565aaa81,5b0fa12a-3dd7-45bb-9766-cc326314d9f1,1.1804897151887417,8.106701098394675e-06,6.867235685402428e-06,45.000000405,37.70013774425284,20.0,8.439308154913359e-06,1.232417650953721e-05,3.7489431392815378e-06,2.4512427803732108e-05,Italy,ITA,friuli venezia giulia,,,Linux-5.14.0-427.13.1.el9_4.x86_64-x86_64-with-glibc2.34,3.13.6,3.0.5,2,AMD EPYC 7542 32-Core Processor,1,1 x NVIDIA A100 80GB PCIe,13.7747,45.6482,21.3,machine,N,1.0
2025-09-26T11:57:41,routerllm_model_loading,3992fc03-aaf1-4978-85a2-45efa91ff61a,5b0fa12a-3dd7-45bb-9766-cc326314d9f1,20.60452639311552,0.0002372255141753,1.1513271872854307e-05,45.00027189,65.55342703823824,20.0,0.0002449161764593,0.0003635411241589,0.0001088472131225,0.0007173045137408,Italy,ITA,friuli venezia giulia,,,Linux-5.14.0-427.13.1.el9_4.x86_64-x86_64-with-glibc2.34,3.13.6,3.0.5,2,AMD EPYC 7542 32-Core Processor,1,1 x NVIDIA A100 80GB PCIe,13.7747,45.6482,21.3,machine,N,1.0
2025-09-26T11:57:51,routerllm_llm_inference,109b7f7c-0451-4ac0-b5df-e962ed7f7d3d,5b0fa12a-3dd7-45bb-9766-cc326314d9f1,6.690193418413401,0.0001004264739435,1.501099709121968e-05,45.0003822525,103.43019591346948,20.0,7.727821808392759e-05,0.0001920395981187,3.434413731512096e-05,0.0003036619535178,Italy,ITA,friuli venezia giulia,,,Linux-5.14.0-427.13.1.el9_4.x86_64-x86_64-with-glibc2.34,3.13.6,3.0.5,2,AMD EPYC 7542 32-Core Processor,1,1 x NVIDIA A100 80GB PCIe,13.7747,45.6482,21.3,machine,N,1.0
2025-09-26T11:57:56,routerllm_router_inference,76b8b5d0-cd97-45ae-8b60-eb4aa3b06e56,5b0fa12a-3dd7-45bb-9766-cc326314d9f1,1.016705982387066,6.001053440899548e-06,5.9024472609180655e-06,45.000003240000005,31.684213134688825,20.0,6.391392130511559e-06,8.915007072118897e-06,2.839130949642923e-06,1.814553015227338e-05,Italy,ITA,friuli venezia giulia,,,Linux-5.14.0-427.13.1.el9_4.x86_64-x86_64-with-glibc2.34,3.13.6,3.0.5,2,AMD EPYC 7542 32-Core Processor,1,1 x NVIDIA A100 80GB PCIe,13.7747,45.6482,21.3,machine,N,1.0
2025-09-26T11:58:01,routerllm_model_loading,57f15ff8-635f-4327-8f13-87e228d5a78e,5b0fa12a-3dd7-45bb-9766-cc326314d9f1,1.0111296139657495,5.939544485137891e-06,5.874167271040963e-06,45.000003240000005,31.51895309298491,20.0,6.327143301393548e-06,8.821673759484838e-06,2.810726977056927e-06,1.7959544037935313e-05,Italy,ITA,friuli venezia giulia,,,Linux-5.14.0-427.13.1.el9_4.x86_64-x86_64-with-glibc2.34,3.13.6,3.0.5,2,AMD EPYC 7542 32-Core Processor,1,1 x NVIDIA A100 80GB PCIe,13.7747,45.6482,21.3,machine,N,1.0
2025-09-26T11:58:08,routerllm_llm_inference,702f837d-a32c-4761-836d-16c7c5b42d1a,5b0fa12a-3dd7-45bb-9766-cc326314d9f1,3.613688420504332,5.099856159641545e-05,1.4112606196772776e-05,45.000271080000005,97.78299606953917,20.0,3.886023005939292e-05,9.807563407093768e-05,1.7269717653592426e-05,0.0001542055817839,Italy,ITA,friuli venezia giulia,,,Linux-5.14.0-427.13.1.el9_4.x86_64-x86_64-with-glibc2.34,3.13.6,3.0.5,2,AMD EPYC 7542 32-Core Processor,1,1 x NVIDIA A100 80GB PCIe,13.7747,45.6482,21.3,machine,N,1.0
2025-09-26T11:58:13,routerllm_router_inference,1a16c119-008c-49e1-b7a7-4f86470234dd,5b0fa12a-3dd7-45bb-9766-cc326314d9f1,1.019810039550066,6.610194245844016e-06,6.481789734841592e-06,45.000000405,38.06283029738974,20.0,6.410699954210716e-06,1.07288975073061e-05,2.847806447082096e-06,1.998740390859892e-05,Italy,ITA,friuli venezia giulia,,,Linux-5.14.0-427.13.1.el9_4.x86_64-x86_64-with-glibc2.34,3.13.6,3.0.5,2,AMD EPYC 7542 32-Core Processor,1,1 x NVIDIA A100 80GB PCIe,13.7747,45.6482,21.3,machine,N,1.0
2025-09-26T11:58:18,routerllm_model_loading,cd6dc961-8563-4e04-b93d-a6922d469fd1,5b0fa12a-3dd7-45bb-9766-cc326314d9f1,1.009650856256485,5.951101201900314e-06,5.894216961262632e-06,45.000000405,31.751625269754385,20.0,6.310299747605524e-06,8.880007158040826e-06,2.8041814557380142e-06,1.7994488361384363e-05,Italy,ITA,friuli venezia giulia,,,Linux-5.14.0-427.13.1.el9_4.x86_64-x86_64-with-glibc2.34,3.13.6,3.0.5,2,AMD EPYC 7542 32-Core Processor,1,1 x NVIDIA A100 80GB PCIe,13.7747,45.6482,21.3,machine,N,1.0
2025-09-26T11:58:35,routerllm_llm_inference,9a04a657-d6d6-45db-b72d-511ab79143d6,5b0fa12a-3dd7-45bb-9766-cc326314d9f1,13.36967497691512,0.0002141790019872,1.601976131484446e-05,45.00041229,111.86008933544386,20.0,0.000160812715255,0.0004153353322635,7.147017098549339e-05,0.000647618218504,Italy,ITA,friuli venezia giulia,,,Linux-5.14.0-427.13.1.el9_4.x86_64-x86_64-with-glibc2.34,3.13.6,3.0.5,2,AMD EPYC 7542 32-Core Processor,1,1 x NVIDIA A100 80GB PCIe,13.7747,45.6482,21.3,machine,N,1.0
2025-09-26T12:07:33,directllm_model_loading,429cdd55-e677-4038-b5b7-7a5e1be08f2d,5b0fa12a-3dd7-45bb-9766-cc326314d9f1,534.3339605033398,0.0061711118375347,1.1549166427156494e-05,45.00046161,63.63677701432828,20.0,0.0064509175553095,0.0093419427513481,0.002866879524663,0.0186597398313207,Italy,ITA,friuli venezia giulia,,,Linux-5.14.0-427.13.1.el9_4.x86_64-x86_64-with-glibc2.34,3.13.6,3.0.5,2,AMD EPYC 7542 32-Core Processor,1,1 x NVIDIA A100 80GB PCIe,13.7747,45.6482,21.3,machine,N,1.0
2025-09-26T12:08:38,directllm_llm_inference,b918024b-2f83-4716-82c6-bab5ec91fb94,5b0fa12a-3dd7-45bb-9766-cc326314d9f1,61.64142866060138,0.0010980579639562,1.781363585847667e-05,45.00020412000001,82.56274470351491,20.0,0.0007389361172435,0.0022528812467044,0.0003284070083457,0.0033202243722936,Italy,ITA,friuli venezia giulia,,,Linux-5.14.0-427.13.1.el9_4.x86_64-x86_64-with-glibc2.34,3.13.6,3.0.5,2,AMD EPYC 7542 32-Core Processor,1,1 x NVIDIA A100 80GB PCIe,13.7747,45.6482,21.3,machine,N,1.0
2025-09-26T12:08:43,directllm_model_loading,5b6394e2-aa71-4698-be65-470a15f2d19c,5b0fa12a-3dd7-45bb-9766-cc326314d9f1,1.0097999684512615,6.068902023438534e-06,6.010004172159422e-06,45.000000405,32.97417703213915,20.0,6.3193677561993945e-06,9.223618462783634e-06,2.807699330151081e-06,1.835068554913411e-05,Italy,ITA,friuli venezia giulia,,,Linux-5.14.0-427.13.1.el9_4.x86_64-x86_64-with-glibc2.34,3.13.6,3.0.5,2,AMD EPYC 7542 32-Core Processor,1,1 x NVIDIA A100 80GB PCIe,13.7747,45.6482,21.3,machine,N,1.0
2025-09-26T12:09:48,directllm_llm_inference,048057f9-f092-44a8-b505-863be1288ee6,5b0fa12a-3dd7-45bb-9766-cc326314d9f1,61.437563221901655,0.0011994251624592,1.952266821076745e-05,45.000295245,65.71452712563325,20.0,0.0009238887007237,0.002292234611616,0.0004106075050309,0.0036267308173707,Italy,ITA,friuli venezia giulia,,,Linux-5.14.0-427.13.1.el9_4.x86_64-x86_64-with-glibc2.34,3.13.6,3.0.5,2,AMD EPYC 7542 32-Core Processor,1,1 x NVIDIA A100 80GB PCIe,13.7747,45.6482,21.3,machine,N,1.0
2025-09-26T12:09:53,directllm_model_loading,7220670c-0919-455c-88ff-fbab3b01b169,5b0fa12a-3dd7-45bb-9766-cc326314d9f1,1.0115207768976688,6.146970744673067e-06,6.076959450626222e-06,45.000003240000005,33.65515614074795,20.0,6.3393819519261374e-06,9.430285388134507e-06,2.817076486017969e-06,1.8586743826078613e-05,Italy,ITA,friuli venezia giulia,,,Linux-5.14.0-427.13.1.el9_4.x86_64-x86_64-with-glibc2.34,3.13.6,3.0.5,2,AMD EPYC 7542 32-Core Processor,1,1 x NVIDIA A100 80GB PCIe,13.7747,45.6482,21.3,machine,N,1.0
2025-09-26T12:10:59,directllm_llm_inference,088d7527-c10a-49cb-8c4c-bf2df0d4daba,5b0fa12a-3dd7-45bb-9766-cc326314d9f1,61.51562347263098,0.0012096511456611918,1.9664128840364918e-05,45.000295245000004,83.06176323248638,20.0,0.0009247023836770801,0.0023219796353828315,0.0004109693505697781,0.0036576513696296897,Italy,ITA,friuli venezia giulia,,,Linux-5.14.0-427.13.1.el9_4.x86_64-x86_64-with-glibc2.34,3.13.6,3.0.5,2,AMD EPYC 7542 32-Core Processor,1,1 x NVIDIA A100 80GB PCIe,13.7747,45.6482,21.3,machine,N,1.0
